{
  "train": {
    "count": 11375.0,
    "min": 0.019558627158403397,
    "max": 0.8943099975585938,
    "mean": 0.45119810104370117,
    "std": 0.21048715710639954,
    "p10": 0.14529742300510406,
    "p50": 0.458154559135437,
    "p90": 0.7588674426078796
  },
  "val": {
    "count": 2931.0,
    "min": 0.04881325736641884,
    "max": 0.8861532211303711,
    "mean": 0.5089806318283081,
    "std": 0.1988423615694046,
    "p10": 0.18487079441547394,
    "p50": 0.5104936957359314,
    "p90": 0.7604548335075378
  },
  "test": {
    "count": 14705.0,
    "min": 0.02523849532008171,
    "max": 0.908053457736969,
    "mean": 0.46342161297798157,
    "std": 0.2066069394350052,
    "p10": 0.1505860835313797,
    "p50": 0.46841543912887573,
    "p90": 0.7483980059623718
  }
}