{
  "train": {
    "count": 11603.0,
    "min": 0.019558627158403397,
    "max": 0.8943099975585938,
    "mean": 0.45512884855270386,
    "std": 0.2112569957971573,
    "p10": 0.1467195302248001,
    "p50": 0.4620623290538788,
    "p90": 0.7588714361190796
  },
  "val": {
    "count": 2703.0,
    "min": 0.04881325736641884,
    "max": 0.8573103547096252,
    "mean": 0.4969813823699951,
    "std": 0.19799122214317322,
    "p10": 0.17519621551036835,
    "p50": 0.5002565383911133,
    "p90": 0.7609134912490845
  },
  "test": {
    "count": 14705.0,
    "min": 0.02523849532008171,
    "max": 0.908053457736969,
    "mean": 0.46342161297798157,
    "std": 0.2066069394350052,
    "p10": 0.1505860835313797,
    "p50": 0.46841543912887573,
    "p90": 0.7483980059623718
  }
}