Importer Log Report
Document: C:\Users\boris\OneDrive\Документы\KiCad_github\ArmProthesis\ADC.kicad_pcb
    Section : Analyze Document from - C:\Users\boris\OneDrive\Документы\KiCad_github\ArmProthesis\ADC.kicad_pcb
        Warning: Unknown child 'generator_version' of 'kicad_pcb'.
        Warning: Unknown child legacy_teardrops of general.
        Warning: Unknown child allow_soldermask_bridges_in_footprints of setup.
        Warning: Unknown child tenting of setup.
        Warning: Unknown child uuid of footprint.
        Warning: Unknown child hide of property.
        Warning: Unknown child uuid of property.
        Warning: Unknown child sheetname of footprint.
        Warning: Unknown child sheetfile of footprint.
        Warning: Unknown child stroke of fp_line.
        Warning: Unknown child uuid of fp_line.
        Warning: Unknown child stroke of fp_line.
        Warning: Unknown child uuid of fp_line.
        Warning: Unknown child stroke of fp_line.
        Warning: Unknown child uuid of fp_line.
        Warning: Unknown child stroke of fp_line.
        Warning: Unknown child uuid of fp_line.
        Warning: Unknown child stroke of fp_line.
        Warning: Unknown child uuid of fp_line.
        Warning: Unknown child stroke of fp_line.
        Warning: Unknown child uuid of fp_line.
        Warning: Unknown child stroke of fp_line.
        Warning: Unknown child uuid of fp_line.
        Warning: Unknown child stroke of fp_line.
        Warning: Unknown child uuid of fp_line.
        Warning: Unknown child stroke of fp_circle.
        Warning: Unknown child uuid of fp_circle.
        Warning: Unknown child stroke of fp_line.
        Warning: Unknown child uuid of fp_line.
        Warning: Unknown child stroke of fp_line.
        Warning: Unknown child uuid of fp_line.
        Warning: Unknown child stroke of fp_line.
        Warning: Unknown child uuid of fp_line.
        Warning: Unknown child stroke of fp_line.
        Warning: Unknown child uuid of fp_line.
        Warning: Unknown child stroke of fp_line.
        Warning: Unknown child uuid of fp_line.
        Warning: Unknown child stroke of fp_line.
        Warning: Unknown child uuid of fp_line.
        Warning: Unknown child stroke of fp_line.
        Warning: Unknown child uuid of fp_line.
        Warning: Unknown child stroke of fp_line.
        Warning: Unknown child uuid of fp_line.
        Warning: Unknown child stroke of fp_line.
        Warning: Unknown child uuid of fp_line.
        Warning: Unknown child stroke of fp_line.
        Warning: Unknown child uuid of fp_line.
        Warning: Unknown child stroke of fp_line.
        Warning: Unknown child uuid of fp_line.
        Warning: Unknown child stroke of fp_line.
        Warning: Unknown child uuid of fp_line.
        Warning: Unknown child stroke of fp_line.
        Warning: Unknown child uuid of fp_line.
        Warning: Unknown child stroke of fp_line.
        Warning: Unknown child uuid of fp_line.
        Warning: Unknown child stroke of fp_line.
        Warning: Unknown child uuid of fp_line.
        Warning: Unknown child stroke of fp_line.
        Warning: Unknown child uuid of fp_line.
        Warning: Unknown child stroke of fp_line.
        Warning: Unknown child uuid of fp_line.
        Warning: Unknown child stroke of fp_line.
        Warning: Unknown child uuid of fp_line.
        Warning: Unknown child stroke of fp_line.
        Warning: Unknown child uuid of fp_line.
        Warning: Unknown child stroke of fp_line.
        Warning: Unknown child uuid of fp_line.
        Warning: Unknown child stroke of fp_line.
        Warning: Unknown child uuid of fp_line.
        Warning: Unknown child stroke of fp_line.
        Warning: Unknown child uuid of fp_line.
        Warning: Unknown child stroke of fp_line.
        Warning: Unknown child uuid of fp_line.
        Warning: Unknown child stroke of fp_line.
        Warning: Unknown child uuid of fp_line.
        Warning: Unknown child uuid of pad.
        Warning: Unknown child uuid of pad.
        Warning: Unknown child uuid of pad.
        Warning: Unknown child uuid of pad.
        Warning: Unknown child uuid of pad.
        Warning: Unknown child uuid of pad.
        Warning: Unknown child uuid of pad.
        Warning: Unknown child uuid of pad.
        Warning: Unknown child uuid of pad.
        Warning: Unknown child uuid of pad.
        Warning: Unknown child uuid of pad.
        Warning: Unknown child uuid of pad.
        Warning: Unknown child uuid of pad.
        Warning: Unknown child uuid of pad.
        Warning: Unknown child uuid of pad.
        Warning: Unknown child uuid of pad.
        Warning: Unknown child uuid of pad.
        Warning: Unknown child uuid of pad.
        Warning: Unknown child uuid of pad.
        Warning: Unknown child uuid of pad.
        Warning: Unknown child uuid of pad.
        Warning: Unknown child uuid of pad.
        Warning: Unknown child uuid of pad.
        Warning: Unknown child uuid of pad.
        Warning: Unknown child uuid of pad.
        Warning: Unknown child uuid of pad.
        Warning: Unknown child uuid of pad.
        Warning: Unknown child uuid of pad.
        Warning: Unknown child uuid of pad.
        Warning: Unknown child uuid of pad.
        Warning: Unknown child uuid of pad.
        Warning: Unknown child uuid of pad.
        Warning: Unknown child uuid of pad.
        Warning: Unknown child uuid of pad.
        Warning: Unknown child uuid of pad.
        Warning: Unknown child uuid of pad.
        Warning: Unknown child uuid of pad.
        Warning: Unknown child uuid of pad.
        Warning: Unknown child uuid of pad.
        Warning: Unknown child uuid of pad.
        Warning: Unknown child uuid of pad.
        Warning: Unknown child uuid of pad.
        Warning: Unknown child uuid of pad.
        Warning: Unknown child uuid of pad.
        Warning: Unknown child uuid of pad.
        Warning: Unknown child uuid of pad.
        Warning: Unknown child uuid of pad.
        Warning: Unknown child uuid of pad.
        Warning: Unknown child uuid of pad.
        Warning: Unknown child uuid of pad.
        Warning: Unknown child uuid of pad.
        Warning: Unknown child uuid of pad.
        Warning: Unknown child uuid of pad.
        Warning: Unknown child uuid of pad.
        Warning: Unknown child uuid of pad.
        Warning: Unknown child uuid of pad.
        Warning: Unknown child uuid of pad.
        Warning: Unknown child uuid of pad.
        Warning: Unknown child uuid of pad.
        Warning: Unknown child uuid of pad.
        Warning: Unknown child uuid of pad.
        Warning: Unknown child uuid of pad.
        Warning: Unknown child uuid of pad.
        Warning: Unknown child uuid of pad.
        Warning: Unknown child embedded_fonts of footprint.
        Warning: Unknown child uuid of footprint.
        Warning: Unknown child uuid of property.
        Warning: Unknown child 'bold' of 'font'.
        Warning: Unknown child sheetname of footprint.
        Warning: Unknown child sheetfile of footprint.
        Warning: Unknown child stroke of fp_line.
        Warning: Unknown child uuid of fp_line.
        Warning: Unknown child stroke of fp_line.
        Warning: Unknown child uuid of fp_line.
        Warning: Unknown child stroke of fp_line.
        Warning: Unknown child uuid of fp_line.
        Warning: Unknown child stroke of fp_line.
        Warning: Unknown child uuid of fp_line.
        Warning: Unknown child stroke of fp_line.
        Warning: Unknown child uuid of fp_line.
        Warning: Unknown child stroke of fp_line.
        Warning: Unknown child uuid of fp_line.
        Warning: Unknown child stroke of fp_line.
        Warning: Unknown child uuid of fp_line.
        Warning: Unknown child stroke of fp_line.
        Warning: Unknown child uuid of fp_line.
        Warning: Unknown child stroke of fp_line.
        Warning: Unknown child uuid of fp_line.
        Warning: Unknown child stroke of fp_line.
        Warning: Unknown child uuid of fp_line.
        Warning: Unknown child uuid of fp_text.
        Warning: Unknown child uuid of pad.
        Warning: Unknown child uuid of pad.
        Warning: Unknown child embedded_fonts of footprint.
        Warning: Unknown child uuid of footprint.
        Warning: Unknown child uuid of property.
        Warning: Unknown child sheetname of footprint.
        Warning: Unknown child sheetfile of footprint.
        Warning: Unknown child stroke of fp_line.
        Warning: Unknown child uuid of fp_line.
        Warning: Unknown child stroke of fp_line.
        Warning: Unknown child uuid of fp_line.
        Warning: Unknown child stroke of fp_line.
        Warning: Unknown child uuid of fp_line.
        Warning: Unknown child stroke of fp_line.
        Warning: Unknown child uuid of fp_line.
        Warning: Unknown child stroke of fp_line.
        Warning: Unknown child uuid of fp_line.
        Warning: Unknown child stroke of fp_line.
        Warning: Unknown child uuid of fp_line.
        Warning: Unknown child stroke of fp_circle.
        Warning: Unknown child uuid of fp_circle.
        Warning: Unknown child stroke of fp_line.
        Warning: Unknown child uuid of fp_line.
        Warning: Unknown child stroke of fp_line.
        Warning: Unknown child uuid of fp_line.
        Warning: Unknown child stroke of fp_line.
        Warning: Unknown child uuid of fp_line.
        Warning: Unknown child stroke of fp_line.
        Warning: Unknown child uuid of fp_line.
        Warning: Unknown child stroke of fp_line.
        Warning: Unknown child uuid of fp_line.
        Warning: Unknown child stroke of fp_line.
        Warning: Unknown child uuid of fp_line.
        Warning: Unknown child stroke of fp_line.
        Warning: Unknown child uuid of fp_line.
        Warning: Unknown child stroke of fp_line.
        Warning: Unknown child uuid of fp_line.
        Warning: Unknown child stroke of fp_circle.
        Warning: Unknown child uuid of fp_circle.
        Warning: Unknown child remove_unused_layers of pad.
        Warning: Unknown child uuid of pad.
        Warning: Unknown child remove_unused_layers of pad.
        Warning: Unknown child uuid of pad.
        Warning: Unknown child remove_unused_layers of pad.
        Warning: Unknown child uuid of pad.
        Warning: Unknown child embedded_fonts of footprint.
        Warning: Unknown child uuid of footprint.
        Warning: Unknown child uuid of property.
        Warning: Unknown child sheetname of footprint.
        Warning: Unknown child sheetfile of footprint.
        Warning: Unknown child stroke of fp_line.
        Warning: Unknown child uuid of fp_line.
        Warning: Unknown child stroke of fp_line.
        Warning: Unknown child uuid of fp_line.
        Warning: Unknown child stroke of fp_line.
        Warning: Unknown child uuid of fp_line.
        Warning: Unknown child stroke of fp_line.
        Warning: Unknown child uuid of fp_line.
        Warning: Unknown child stroke of fp_line.
        Warning: Unknown child uuid of fp_line.
        Warning: Unknown child stroke of fp_line.
        Warning: Unknown child uuid of fp_line.
        Warning: Unknown child stroke of fp_line.
        Warning: Unknown child uuid of fp_line.
        Warning: Unknown child stroke of fp_line.
        Warning: Unknown child uuid of fp_line.
        Warning: Unknown child stroke of fp_line.
        Warning: Unknown child uuid of fp_line.
        Warning: Unknown child stroke of fp_line.
        Warning: Unknown child uuid of fp_line.
        Warning: Unknown child uuid of fp_text.
        Warning: Unknown child uuid of pad.
        Warning: Unknown child uuid of pad.
        Warning: Unknown child embedded_fonts of footprint.
        Warning: Unknown child uuid of footprint.
        Warning: Unknown child uuid of property.
        Warning: Unknown child sheetname of footprint.
        Warning: Unknown child sheetfile of footprint.
        Warning: Unknown child stroke of fp_line.
        Warning: Unknown child uuid of fp_line.
        Warning: Unknown child stroke of fp_line.
        Warning: Unknown child uuid of fp_line.
        Warning: Unknown child stroke of fp_line.
        Warning: Unknown child uuid of fp_line.
        Warning: Unknown child stroke of fp_line.
        Warning: Unknown child uuid of fp_line.
        Warning: Unknown child stroke of fp_line.
        Warning: Unknown child uuid of fp_line.
        Warning: Unknown child stroke of fp_line.
        Warning: Unknown child uuid of fp_line.
        Warning: Unknown child stroke of fp_line.
        Warning: Unknown child uuid of fp_line.
        Warning: Unknown child stroke of fp_line.
        Warning: Unknown child uuid of fp_line.
        Warning: Unknown child stroke of fp_line.
        Warning: Unknown child uuid of fp_line.
        Warning: Unknown child stroke of fp_line.
        Warning: Unknown child uuid of fp_line.
        Warning: Unknown child uuid of fp_text.
        Warning: Unknown child uuid of pad.
        Warning: Unknown child uuid of pad.
        Warning: Unknown child embedded_fonts of footprint.
        Warning: Unknown child uuid of footprint.
        Warning: Unknown child uuid of property.
        Warning: Unknown child sheetname of footprint.
        Warning: Unknown child sheetfile of footprint.
        Warning: Unknown child stroke of fp_line.
        Warning: Unknown child uuid of fp_line.
        Warning: Unknown child stroke of fp_line.
        Warning: Unknown child uuid of fp_line.
        Warning: Unknown child stroke of fp_line.
        Warning: Unknown child uuid of fp_line.
        Warning: Unknown child stroke of fp_line.
        Warning: Unknown child uuid of fp_line.
        Warning: Unknown child stroke of fp_line.
        Warning: Unknown child uuid of fp_line.
        Warning: Unknown child stroke of fp_line.
        Warning: Unknown child uuid of fp_line.
        Warning: Unknown child stroke of fp_line.
        Warning: Unknown child uuid of fp_line.
        Warning: Unknown child stroke of fp_line.
        Warning: Unknown child uuid of fp_line.
        Warning: Unknown child stroke of fp_line.
        Warning: Unknown child uuid of fp_line.
        Warning: Unknown child stroke of fp_line.
        Warning: Unknown child uuid of fp_line.
        Warning: Unknown child uuid of fp_text.
        Warning: Unknown child uuid of pad.
        Warning: Unknown child uuid of pad.
        Warning: Unknown child embedded_fonts of footprint.
        Warning: Unknown child uuid of footprint.
        Warning: Unknown child uuid of property.
        Warning: Unknown child sheetname of footprint.
        Warning: Unknown child sheetfile of footprint.
        Warning: Unknown child stroke of fp_line.
        Warning: Unknown child uuid of fp_line.
        Warning: Unknown child stroke of fp_line.
        Warning: Unknown child uuid of fp_line.
        Warning: Unknown child stroke of fp_line.
        Warning: Unknown child uuid of fp_line.
        Warning: Unknown child stroke of fp_line.
        Warning: Unknown child uuid of fp_line.
        Warning: Unknown child stroke of fp_line.
        Warning: Unknown child uuid of fp_line.
        Warning: Unknown child stroke of fp_line.
        Warning: Unknown child uuid of fp_line.
        Warning: Unknown child stroke of fp_line.
        Warning: Unknown child uuid of fp_line.
        Warning: Unknown child stroke of fp_line.
        Warning: Unknown child uuid of fp_line.
        Warning: Unknown child stroke of fp_line.
        Warning: Unknown child uuid of fp_line.
        Warning: Unknown child stroke of fp_line.
        Warning: Unknown child uuid of fp_line.
        Warning: Unknown child uuid of fp_text.
        Warning: Unknown child uuid of pad.
        Warning: Unknown child uuid of pad.
        Warning: Unknown child embedded_fonts of footprint.
        Warning: Unknown child uuid of footprint.
        Warning: Unknown child uuid of property.
        Warning: Unknown child sheetname of footprint.
        Warning: Unknown child sheetfile of footprint.
        Warning: Unknown child stroke of fp_line.
        Warning: Unknown child uuid of fp_line.
        Warning: Unknown child stroke of fp_line.
        Warning: Unknown child uuid of fp_line.
        Warning: Unknown child stroke of fp_line.
        Warning: Unknown child uuid of fp_line.
        Warning: Unknown child stroke of fp_line.
        Warning: Unknown child uuid of fp_line.
        Warning: Unknown child stroke of fp_line.
        Warning: Unknown child uuid of fp_line.
        Warning: Unknown child stroke of fp_line.
        Warning: Unknown child uuid of fp_line.
        Warning: Unknown child stroke of fp_line.
        Warning: Unknown child uuid of fp_line.
        Warning: Unknown child stroke of fp_line.
        Warning: Unknown child uuid of fp_line.
        Warning: Unknown child stroke of fp_line.
        Warning: Unknown child uuid of fp_line.
        Warning: Unknown child stroke of fp_line.
        Warning: Unknown child uuid of fp_line.
        Warning: Unknown child uuid of fp_text.
        Warning: Unknown child uuid of pad.
        Warning: Unknown child uuid of pad.
        Warning: Unknown child embedded_fonts of footprint.
        Warning: Unknown child uuid of footprint.
        Warning: Unknown child uuid of property.
        Warning: Unknown child sheetname of footprint.
        Warning: Unknown child sheetfile of footprint.
        Warning: Unknown child stroke of fp_line.
        Warning: Unknown child uuid of fp_line.
        Warning: Unknown child stroke of fp_line.
        Warning: Unknown child uuid of fp_line.
        Warning: Unknown child stroke of fp_line.
        Warning: Unknown child uuid of fp_line.
        Warning: Unknown child stroke of fp_line.
        Warning: Unknown child uuid of fp_line.
        Warning: Unknown child stroke of fp_line.
        Warning: Unknown child uuid of fp_line.
        Warning: Unknown child stroke of fp_line.
        Warning: Unknown child uuid of fp_line.
        Warning: Unknown child stroke of fp_circle.
        Warning: Unknown child uuid of fp_circle.
        Warning: Unknown child stroke of fp_line.
        Warning: Unknown child uuid of fp_line.
        Warning: Unknown child stroke of fp_line.
        Warning: Unknown child uuid of fp_line.
        Warning: Unknown child stroke of fp_line.
        Warning: Unknown child uuid of fp_line.
        Warning: Unknown child stroke of fp_line.
        Warning: Unknown child uuid of fp_line.
        Warning: Unknown child stroke of fp_line.
        Warning: Unknown child uuid of fp_line.
        Warning: Unknown child stroke of fp_line.
        Warning: Unknown child uuid of fp_line.
        Warning: Unknown child stroke of fp_line.
        Warning: Unknown child uuid of fp_line.
        Warning: Unknown child stroke of fp_line.
        Warning: Unknown child uuid of fp_line.
        Warning: Unknown child stroke of fp_circle.
        Warning: Unknown child uuid of fp_circle.
        Warning: Unknown child remove_unused_layers of pad.
        Warning: Unknown child uuid of pad.
        Warning: Unknown child remove_unused_layers of pad.
        Warning: Unknown child uuid of pad.
        Warning: Unknown child remove_unused_layers of pad.
        Warning: Unknown child uuid of pad.
        Warning: Unknown child embedded_fonts of footprint.
        Warning: Unknown child uuid of footprint.
        Warning: Unknown child uuid of property.
        Warning: Unknown child sheetname of footprint.
        Warning: Unknown child sheetfile of footprint.
        Warning: Unknown child stroke of fp_line.
        Warning: Unknown child uuid of fp_line.
        Warning: Unknown child stroke of fp_line.
        Warning: Unknown child uuid of fp_line.
        Warning: Unknown child stroke of fp_line.
        Warning: Unknown child uuid of fp_line.
        Warning: Unknown child stroke of fp_line.
        Warning: Unknown child uuid of fp_line.
        Warning: Unknown child stroke of fp_line.
        Warning: Unknown child uuid of fp_line.
        Warning: Unknown child stroke of fp_line.
        Warning: Unknown child uuid of fp_line.
        Warning: Unknown child stroke of fp_line.
        Warning: Unknown child uuid of fp_line.
        Warning: Unknown child stroke of fp_line.
        Warning: Unknown child uuid of fp_line.
        Warning: Unknown child stroke of fp_line.
        Warning: Unknown child uuid of fp_line.
        Warning: Unknown child stroke of fp_line.
        Warning: Unknown child uuid of fp_line.
        Warning: Unknown child uuid of fp_text.
        Warning: Unknown child uuid of pad.
        Warning: Unknown child uuid of pad.
        Warning: Unknown child embedded_fonts of footprint.
        Warning: Unknown child uuid of footprint.
        Warning: Unknown child uuid of property.
        Warning: Unknown child sheetname of footprint.
        Warning: Unknown child sheetfile of footprint.
        Warning: Unknown child stroke of fp_line.
        Warning: Unknown child uuid of fp_line.
        Warning: Unknown child stroke of fp_line.
        Warning: Unknown child uuid of fp_line.
        Warning: Unknown child stroke of fp_line.
        Warning: Unknown child uuid of fp_line.
        Warning: Unknown child stroke of fp_line.
        Warning: Unknown child uuid of fp_line.
        Warning: Unknown child stroke of fp_line.
        Warning: Unknown child uuid of fp_line.
        Warning: Unknown child stroke of fp_line.
        Warning: Unknown child uuid of fp_line.
        Warning: Unknown child stroke of fp_line.
        Warning: Unknown child uuid of fp_line.
        Warning: Unknown child stroke of fp_line.
        Warning: Unknown child uuid of fp_line.
        Warning: Unknown child stroke of fp_line.
        Warning: Unknown child uuid of fp_line.
        Warning: Unknown child stroke of fp_line.
        Warning: Unknown child uuid of fp_line.
        Warning: Unknown child uuid of fp_text.
        Warning: Unknown child uuid of pad.
        Warning: Unknown child uuid of pad.
        Warning: Unknown child embedded_fonts of footprint.
        Warning: Unknown child uuid of footprint.
        Warning: Unknown child uuid of property.
        Warning: Unknown child sheetname of footprint.
        Warning: Unknown child sheetfile of footprint.
        Warning: Unknown child stroke of fp_circle.
        Warning: Unknown child uuid of fp_circle.
        Warning: Unknown child stroke of fp_circle.
        Warning: Unknown child uuid of fp_circle.
        Warning: Unknown child uuid of fp_text.
        Warning: Unknown child uuid of pad.
        Warning: Pad name is empty, autogenerated name 'Un1' assigned to pad pad.
        Warning: Unknown child embedded_fonts of footprint.
        Warning: Unknown child uuid of footprint.
        Warning: Unknown child uuid of property.
        Warning: Unknown child sheetname of footprint.
        Warning: Unknown child sheetfile of footprint.
        Warning: Unknown child stroke of fp_circle.
        Warning: Unknown child uuid of fp_circle.
        Warning: Unknown child stroke of fp_circle.
        Warning: Unknown child uuid of fp_circle.
        Warning: Unknown child uuid of fp_text.
        Warning: Unknown child uuid of pad.
        Warning: Pad name is empty, autogenerated name 'Un1' assigned to pad pad.
        Warning: Unknown child embedded_fonts of footprint.
        Warning: Unknown child uuid of footprint.
        Warning: Unknown child uuid of property.
        Warning: Unknown child 'bold' of 'font'.
        Warning: Unknown child sheetname of footprint.
        Warning: Unknown child sheetfile of footprint.
        Warning: Unknown child stroke of fp_line.
        Warning: Unknown child uuid of fp_line.
        Warning: Unknown child stroke of fp_line.
        Warning: Unknown child uuid of fp_line.
        Warning: Unknown child stroke of fp_line.
        Warning: Unknown child uuid of fp_line.
        Warning: Unknown child stroke of fp_line.
        Warning: Unknown child uuid of fp_line.
        Warning: Unknown child stroke of fp_line.
        Warning: Unknown child uuid of fp_line.
        Warning: Unknown child stroke of fp_line.
        Warning: Unknown child uuid of fp_line.
        Warning: Unknown child stroke of fp_line.
        Warning: Unknown child uuid of fp_line.
        Warning: Unknown child stroke of fp_line.
        Warning: Unknown child uuid of fp_line.
        Warning: Unknown child stroke of fp_line.
        Warning: Unknown child uuid of fp_line.
        Warning: Unknown child stroke of fp_line.
        Warning: Unknown child uuid of fp_line.
        Warning: Unknown child uuid of fp_text.
        Warning: Unknown child uuid of pad.
        Warning: Unknown child uuid of pad.
        Warning: Unknown child embedded_fonts of footprint.
        Warning: Unknown child uuid of footprint.
        Warning: Unknown child uuid of property.
        Warning: Unknown child sheetname of footprint.
        Warning: Unknown child sheetfile of footprint.
        Warning: Unknown child stroke of fp_line.
        Warning: Unknown child uuid of fp_line.
        Warning: Unknown child stroke of fp_line.
        Warning: Unknown child uuid of fp_line.
        Warning: Unknown child stroke of fp_line.
        Warning: Unknown child uuid of fp_line.
        Warning: Unknown child stroke of fp_line.
        Warning: Unknown child uuid of fp_line.
        Warning: Unknown child stroke of fp_line.
        Warning: Unknown child uuid of fp_line.
        Warning: Unknown child stroke of fp_line.
        Warning: Unknown child uuid of fp_line.
        Warning: Unknown child stroke of fp_line.
        Warning: Unknown child uuid of fp_line.
        Warning: Unknown child stroke of fp_line.
        Warning: Unknown child uuid of fp_line.
        Warning: Unknown child stroke of fp_line.
        Warning: Unknown child uuid of fp_line.
        Warning: Unknown child stroke of fp_line.
        Warning: Unknown child uuid of fp_line.
        Warning: Unknown child uuid of fp_text.
        Warning: Unknown child uuid of pad.
        Warning: Unknown child uuid of pad.
        Warning: Unknown child embedded_fonts of footprint.
        Warning: Unknown child uuid of footprint.
        Warning: Unknown child uuid of property.
        Warning: Unknown child sheetname of footprint.
        Warning: Unknown child sheetfile of footprint.
        Warning: Unknown child stroke of fp_line.
        Warning: Unknown child uuid of fp_line.
        Warning: Unknown child stroke of fp_line.
        Warning: Unknown child uuid of fp_line.
        Warning: Unknown child stroke of fp_line.
        Warning: Unknown child uuid of fp_line.
        Warning: Unknown child stroke of fp_line.
        Warning: Unknown child uuid of fp_line.
        Warning: Unknown child stroke of fp_line.
        Warning: Unknown child uuid of fp_line.
        Warning: Unknown child stroke of fp_line.
        Warning: Unknown child uuid of fp_line.
        Warning: Unknown child stroke of fp_line.
        Warning: Unknown child uuid of fp_line.
        Warning: Unknown child stroke of fp_line.
        Warning: Unknown child uuid of fp_line.
        Warning: Unknown child stroke of fp_line.
        Warning: Unknown child uuid of fp_line.
        Warning: Unknown child stroke of fp_line.
        Warning: Unknown child uuid of fp_line.
        Warning: Unknown child uuid of fp_text.
        Warning: Unknown child uuid of pad.
        Warning: Unknown child uuid of pad.
        Warning: Unknown child embedded_fonts of footprint.
        Warning: Unknown child uuid of footprint.
        Warning: Unknown child hide of property.
        Warning: Unknown child uuid of property.
        Warning: Unknown child sheetname of footprint.
        Warning: Unknown child sheetfile of footprint.
        Warning: Unknown child stroke of fp_line.
        Warning: Unknown child uuid of fp_line.
        Warning: Unknown child stroke of fp_line.
        Warning: Unknown child uuid of fp_line.
        Warning: Unknown child stroke of fp_line.
        Warning: Unknown child uuid of fp_line.
        Warning: Unknown child stroke of fp_line.
        Warning: Unknown child uuid of fp_line.
        Warning: Unknown child stroke of fp_line.
        Warning: Unknown child uuid of fp_line.
        Warning: Unknown child stroke of fp_line.
        Warning: Unknown child uuid of fp_line.
        Warning: Unknown child stroke of fp_circle.
        Warning: Unknown child uuid of fp_circle.
        Warning: Unknown child stroke of fp_line.
        Warning: Unknown child uuid of fp_line.
        Warning: Unknown child stroke of fp_line.
        Warning: Unknown child uuid of fp_line.
        Warning: Unknown child stroke of fp_line.
        Warning: Unknown child uuid of fp_line.
        Warning: Unknown child stroke of fp_line.
        Warning: Unknown child uuid of fp_line.
        Warning: Unknown child stroke of fp_line.
        Warning: Unknown child uuid of fp_line.
        Warning: Unknown child stroke of fp_line.
        Warning: Unknown child uuid of fp_line.
        Warning: Unknown child stroke of fp_line.
        Warning: Unknown child uuid of fp_line.
        Warning: Unknown child stroke of fp_line.
        Warning: Unknown child uuid of fp_line.
        Warning: Unknown child stroke of fp_circle.
        Warning: Unknown child uuid of fp_circle.
        Warning: Unknown child remove_unused_layers of pad.
        Warning: Unknown child uuid of pad.
        Warning: Unknown child remove_unused_layers of pad.
        Warning: Unknown child uuid of pad.
        Warning: Unknown child remove_unused_layers of pad.
        Warning: Unknown child uuid of pad.
        Warning: Unknown child embedded_fonts of footprint.
        Warning: Unknown child uuid of footprint.
        Warning: Unknown child uuid of property.
        Warning: Unknown child sheetname of footprint.
        Warning: Unknown child sheetfile of footprint.
        Warning: Unknown child stroke of fp_line.
        Warning: Unknown child uuid of fp_line.
        Warning: Unknown child stroke of fp_line.
        Warning: Unknown child uuid of fp_line.
        Warning: Unknown child stroke of fp_line.
        Warning: Unknown child uuid of fp_line.
        Warning: Unknown child stroke of fp_line.
        Warning: Unknown child uuid of fp_line.
        Warning: Unknown child stroke of fp_line.
        Warning: Unknown child uuid of fp_line.
        Warning: Unknown child stroke of fp_line.
        Warning: Unknown child uuid of fp_line.
        Warning: Unknown child stroke of fp_line.
        Warning: Unknown child uuid of fp_line.
        Warning: Unknown child stroke of fp_line.
        Warning: Unknown child uuid of fp_line.
        Warning: Unknown child stroke of fp_line.
        Warning: Unknown child uuid of fp_line.
        Warning: Unknown child stroke of fp_line.
        Warning: Unknown child uuid of fp_line.
        Warning: Unknown child stroke of fp_line.
        Warning: Unknown child uuid of fp_line.
        Warning: Unknown child stroke of fp_line.
        Warning: Unknown child uuid of fp_line.
        Warning: Unknown child stroke of fp_line.
        Warning: Unknown child uuid of fp_line.
        Warning: Unknown child stroke of fp_line.
        Warning: Unknown child uuid of fp_line.
        Warning: Unknown child stroke of fp_line.
        Warning: Unknown child uuid of fp_line.
        Warning: Unknown child uuid of fp_text.
        Warning: Unknown child remove_unused_layers of pad.
        Warning: Unknown child uuid of pad.
        Warning: Unknown child remove_unused_layers of pad.
        Warning: Unknown child uuid of pad.
        Warning: Unknown child remove_unused_layers of pad.
        Warning: Unknown child uuid of pad.
        Warning: Unknown child remove_unused_layers of pad.
        Warning: Unknown child uuid of pad.
        Warning: Unknown child remove_unused_layers of pad.
        Warning: Unknown child uuid of pad.
        Warning: Unknown child remove_unused_layers of pad.
        Warning: Unknown child uuid of pad.
        Warning: Unknown child remove_unused_layers of pad.
        Warning: Unknown child uuid of pad.
        Warning: Unknown child remove_unused_layers of pad.
        Warning: Unknown child uuid of pad.
        Warning: Unknown child remove_unused_layers of pad.
        Warning: Unknown child uuid of pad.
        Warning: Unknown child remove_unused_layers of pad.
        Warning: Unknown child uuid of pad.
        Warning: Unknown child remove_unused_layers of pad.
        Warning: Unknown child uuid of pad.
        Warning: Unknown child remove_unused_layers of pad.
        Warning: Unknown child uuid of pad.
        Warning: Unknown child remove_unused_layers of pad.
        Warning: Unknown child uuid of pad.
        Warning: Unknown child remove_unused_layers of pad.
        Warning: Unknown child uuid of pad.
        Warning: Unknown child embedded_fonts of footprint.
        Warning: Unknown child uuid of footprint.
        Warning: Unknown child uuid of property.
        Warning: Unknown child sheetname of footprint.
        Warning: Unknown child sheetfile of footprint.
        Warning: Unknown child stroke of fp_line.
        Warning: Unknown child uuid of fp_line.
        Warning: Unknown child stroke of fp_line.
        Warning: Unknown child uuid of fp_line.
        Warning: Unknown child stroke of fp_line.
        Warning: Unknown child uuid of fp_line.
        Warning: Unknown child stroke of fp_line.
        Warning: Unknown child uuid of fp_line.
        Warning: Unknown child stroke of fp_line.
        Warning: Unknown child uuid of fp_line.
        Warning: Unknown child stroke of fp_line.
        Warning: Unknown child uuid of fp_line.
        Warning: Unknown child stroke of fp_line.
        Warning: Unknown child uuid of fp_line.
        Warning: Unknown child stroke of fp_line.
        Warning: Unknown child uuid of fp_line.
        Warning: Unknown child stroke of fp_line.
        Warning: Unknown child uuid of fp_line.
        Warning: Unknown child stroke of fp_line.
        Warning: Unknown child uuid of fp_line.
        Warning: Unknown child uuid of fp_text.
        Warning: Unknown child uuid of pad.
        Warning: Unknown child uuid of pad.
        Warning: Unknown child embedded_fonts of footprint.
        Warning: Unknown child uuid of footprint.
        Warning: Unknown child uuid of property.
        Warning: Unknown child sheetname of footprint.
        Warning: Unknown child sheetfile of footprint.
        Warning: Unknown child stroke of fp_line.
        Warning: Unknown child uuid of fp_line.
        Warning: Unknown child stroke of fp_line.
        Warning: Unknown child uuid of fp_line.
        Warning: Unknown child stroke of fp_line.
        Warning: Unknown child uuid of fp_line.
        Warning: Unknown child stroke of fp_line.
        Warning: Unknown child uuid of fp_line.
        Warning: Unknown child stroke of fp_line.
        Warning: Unknown child uuid of fp_line.
        Warning: Unknown child stroke of fp_line.
        Warning: Unknown child uuid of fp_line.
        Warning: Unknown child stroke of fp_line.
        Warning: Unknown child uuid of fp_line.
        Warning: Unknown child stroke of fp_line.
        Warning: Unknown child uuid of fp_line.
        Warning: Unknown child stroke of fp_line.
        Warning: Unknown child uuid of fp_line.
        Warning: Unknown child stroke of fp_line.
        Warning: Unknown child uuid of fp_line.
        Warning: Unknown child stroke of fp_line.
        Warning: Unknown child uuid of fp_line.
        Warning: Unknown child stroke of fp_line.
        Warning: Unknown child uuid of fp_line.
        Warning: Unknown child stroke of fp_line.
        Warning: Unknown child uuid of fp_line.
        Warning: Unknown child stroke of fp_line.
        Warning: Unknown child uuid of fp_line.
        Warning: Unknown child stroke of fp_line.
        Warning: Unknown child uuid of fp_line.
        Warning: Unknown child stroke of fp_line.
        Warning: Unknown child uuid of fp_line.
        Warning: Unknown child stroke of fp_line.
        Warning: Unknown child uuid of fp_line.
        Warning: Unknown child stroke of fp_line.
        Warning: Unknown child uuid of fp_line.
        Warning: Unknown child stroke of fp_line.
        Warning: Unknown child uuid of fp_line.
        Warning: Unknown child stroke of fp_line.
        Warning: Unknown child uuid of fp_line.
        Warning: Unknown child stroke of fp_line.
        Warning: Unknown child uuid of fp_line.
        Warning: Unknown child stroke of fp_line.
        Warning: Unknown child uuid of fp_line.
        Warning: Unknown child stroke of fp_line.
        Warning: Unknown child uuid of fp_line.
        Warning: Unknown child stroke of fp_line.
        Warning: Unknown child uuid of fp_line.
        Warning: Unknown child stroke of fp_line.
        Warning: Unknown child uuid of fp_line.
        Warning: Unknown child stroke of fp_line.
        Warning: Unknown child uuid of fp_line.
        Warning: Unknown child stroke of fp_line.
        Warning: Unknown child uuid of fp_line.
        Warning: Unknown child stroke of fp_line.
        Warning: Unknown child uuid of fp_line.
        Warning: Unknown child stroke of fp_line.
        Warning: Unknown child uuid of fp_line.
        Warning: Unknown child stroke of fp_line.
        Warning: Unknown child uuid of fp_line.
        Warning: Unknown child stroke of fp_line.
        Warning: Unknown child uuid of fp_line.
        Warning: Unknown child stroke of fp_line.
        Warning: Unknown child uuid of fp_line.
        Warning: Unknown child stroke of fp_line.
        Warning: Unknown child uuid of fp_line.
        Warning: Unknown child stroke of fp_line.
        Warning: Unknown child uuid of fp_line.
        Warning: Unknown child stroke of fp_line.
        Warning: Unknown child uuid of fp_line.
        Warning: Unknown child stroke of fp_line.
        Warning: Unknown child uuid of fp_line.
        Warning: Unknown child stroke of fp_line.
        Warning: Unknown child uuid of fp_line.
        Warning: Unknown child stroke of fp_line.
        Warning: Unknown child uuid of fp_line.
        Warning: Unknown child stroke of fp_line.
        Warning: Unknown child uuid of fp_line.
        Warning: Unknown child stroke of fp_line.
        Warning: Unknown child uuid of fp_line.
        Warning: Unknown child stroke of fp_line.
        Warning: Unknown child uuid of fp_line.
        Warning: Unknown child stroke of fp_line.
        Warning: Unknown child uuid of fp_line.
        Warning: Unknown child stroke of fp_line.
        Warning: Unknown child uuid of fp_line.
        Warning: Unknown child uuid of fp_text.
        Warning: Unknown child uuid of pad.
        Warning: Unknown child uuid of pad.
        Warning: Unknown child uuid of pad.
        Warning: Unknown child uuid of pad.
        Warning: Unknown child uuid of pad.
        Warning: Unknown child uuid of pad.
        Warning: Unknown child uuid of pad.
        Warning: Unknown child uuid of pad.
        Warning: Unknown child uuid of pad.
        Warning: Unknown child uuid of pad.
        Warning: Unknown child uuid of pad.
        Warning: Unknown child uuid of pad.
        Warning: Unknown child uuid of pad.
        Warning: Unknown child uuid of pad.
        Warning: Unknown child uuid of pad.
        Warning: Unknown child uuid of pad.
        Warning: Unknown child uuid of pad.
        Warning: Unknown child uuid of pad.
        Warning: Unknown child embedded_fonts of footprint.
        Warning: Unknown child uuid of footprint.
        Warning: Unknown child hide of property.
        Warning: Unknown child uuid of property.
        Warning: Unknown child sheetname of footprint.
        Warning: Unknown child sheetfile of footprint.
        Warning: Unknown child stroke of fp_line.
        Warning: Unknown child uuid of fp_line.
        Warning: Unknown child stroke of fp_line.
        Warning: Unknown child uuid of fp_line.
        Warning: Unknown child stroke of fp_line.
        Warning: Unknown child uuid of fp_line.
        Warning: Unknown child stroke of fp_line.
        Warning: Unknown child uuid of fp_line.
        Warning: Unknown child stroke of fp_line.
        Warning: Unknown child uuid of fp_line.
        Warning: Unknown child stroke of fp_line.
        Warning: Unknown child uuid of fp_line.
        Warning: Unknown child stroke of fp_line.
        Warning: Unknown child uuid of fp_line.
        Warning: Unknown child stroke of fp_line.
        Warning: Unknown child uuid of fp_line.
        Warning: Unknown child stroke of fp_line.
        Warning: Unknown child uuid of fp_line.
        Warning: Unknown child stroke of fp_line.
        Warning: Unknown child uuid of fp_line.
        Warning: Unknown child stroke of fp_line.
        Warning: Unknown child uuid of fp_line.
        Warning: Unknown child stroke of fp_line.
        Warning: Unknown child uuid of fp_line.
        Warning: Unknown child stroke of fp_line.
        Warning: Unknown child uuid of fp_line.
        Warning: Unknown child stroke of fp_line.
        Warning: Unknown child uuid of fp_line.
        Warning: Unknown child stroke of fp_line.
        Warning: Unknown child uuid of fp_line.
        Warning: Unknown child stroke of fp_line.
        Warning: Unknown child uuid of fp_line.
        Warning: Unknown child stroke of fp_line.
        Warning: Unknown child uuid of fp_line.
        Warning: Unknown child stroke of fp_line.
        Warning: Unknown child uuid of fp_line.
        Warning: Unknown child stroke of fp_line.
        Warning: Unknown child uuid of fp_line.
        Warning: Unknown child stroke of fp_line.
        Warning: Unknown child uuid of fp_line.
        Warning: Unknown child stroke of fp_line.
        Warning: Unknown child uuid of fp_line.
        Warning: Unknown child stroke of fp_line.
        Warning: Unknown child uuid of fp_line.
        Warning: Unknown child stroke of fp_line.
        Warning: Unknown child uuid of fp_line.
        Warning: Unknown child stroke of fp_line.
        Warning: Unknown child uuid of fp_line.
        Warning: Unknown child stroke of fp_line.
        Warning: Unknown child uuid of fp_line.
        Warning: Unknown child stroke of fp_line.
        Warning: Unknown child uuid of fp_line.
        Warning: Unknown child stroke of fp_line.
        Warning: Unknown child uuid of fp_line.
        Warning: Unknown child stroke of fp_line.
        Warning: Unknown child uuid of fp_line.
        Warning: Unknown child uuid of fp_text.
        Warning: Unknown child uuid of pad.
        Warning: Unknown child uuid of pad.
        Warning: Unknown child uuid of pad.
        Warning: Unknown child uuid of pad.
        Warning: Unknown child uuid of pad.
        Warning: Unknown child uuid of pad.
        Warning: Unknown child uuid of pad.
        Warning: Unknown child uuid of pad.
        Warning: Unknown child uuid of pad.
        Warning: Unknown child uuid of pad.
        Warning: Unknown child embedded_fonts of footprint.
        Warning: Unknown child uuid of footprint.
        Warning: Unknown child uuid of property.
        Warning: Unknown child sheetname of footprint.
        Warning: Unknown child sheetfile of footprint.
        Warning: Unknown child stroke of fp_line.
        Warning: Unknown child uuid of fp_line.
        Warning: Unknown child stroke of fp_line.
        Warning: Unknown child uuid of fp_line.
        Warning: Unknown child stroke of fp_line.
        Warning: Unknown child uuid of fp_line.
        Warning: Unknown child stroke of fp_line.
        Warning: Unknown child uuid of fp_line.
        Warning: Unknown child stroke of fp_line.
        Warning: Unknown child uuid of fp_line.
        Warning: Unknown child stroke of fp_line.
        Warning: Unknown child uuid of fp_line.
        Warning: Unknown child stroke of fp_line.
        Warning: Unknown child uuid of fp_line.
        Warning: Unknown child stroke of fp_line.
        Warning: Unknown child uuid of fp_line.
        Warning: Unknown child stroke of fp_line.
        Warning: Unknown child uuid of fp_line.
        Warning: Unknown child stroke of fp_line.
        Warning: Unknown child uuid of fp_line.
        Warning: Unknown child uuid of fp_text.
        Warning: Unknown child uuid of pad.
        Warning: Unknown child uuid of pad.
        Warning: Unknown child embedded_fonts of footprint.
        Warning: Unknown child uuid of footprint.
        Warning: Unknown child uuid of property.
        Warning: Unknown child sheetname of footprint.
        Warning: Unknown child sheetfile of footprint.
        Warning: Unknown child stroke of fp_line.
        Warning: Unknown child uuid of fp_line.
        Warning: Unknown child stroke of fp_line.
        Warning: Unknown child uuid of fp_line.
        Warning: Unknown child stroke of fp_line.
        Warning: Unknown child uuid of fp_line.
        Warning: Unknown child stroke of fp_line.
        Warning: Unknown child uuid of fp_line.
        Warning: Unknown child stroke of fp_line.
        Warning: Unknown child uuid of fp_line.
        Warning: Unknown child stroke of fp_line.
        Warning: Unknown child uuid of fp_line.
        Warning: Unknown child stroke of fp_circle.
        Warning: Unknown child uuid of fp_circle.
        Warning: Unknown child stroke of fp_line.
        Warning: Unknown child uuid of fp_line.
        Warning: Unknown child stroke of fp_line.
        Warning: Unknown child uuid of fp_line.
        Warning: Unknown child stroke of fp_line.
        Warning: Unknown child uuid of fp_line.
        Warning: Unknown child stroke of fp_line.
        Warning: Unknown child uuid of fp_line.
        Warning: Unknown child stroke of fp_line.
        Warning: Unknown child uuid of fp_line.
        Warning: Unknown child stroke of fp_line.
        Warning: Unknown child uuid of fp_line.
        Warning: Unknown child stroke of fp_line.
        Warning: Unknown child uuid of fp_line.
        Warning: Unknown child stroke of fp_line.
        Warning: Unknown child uuid of fp_line.
        Warning: Unknown child stroke of fp_circle.
        Warning: Unknown child uuid of fp_circle.
        Warning: Unknown child remove_unused_layers of pad.
        Warning: Unknown child uuid of pad.
        Warning: Unknown child remove_unused_layers of pad.
        Warning: Unknown child uuid of pad.
        Warning: Unknown child remove_unused_layers of pad.
        Warning: Unknown child uuid of pad.
        Warning: Unknown child embedded_fonts of footprint.
        Warning: Unknown child uuid of footprint.
        Warning: Unknown child uuid of property.
        Warning: Unknown child sheetname of footprint.
        Warning: Unknown child sheetfile of footprint.
        Warning: Unknown child stroke of fp_circle.
        Warning: Unknown child uuid of fp_circle.
        Warning: Unknown child stroke of fp_circle.
        Warning: Unknown child uuid of fp_circle.
        Warning: Unknown child uuid of fp_text.
        Warning: Unknown child uuid of pad.
        Warning: Pad name is empty, autogenerated name 'Un1' assigned to pad pad.
        Warning: Unknown child embedded_fonts of footprint.
        Warning: Unknown child uuid of footprint.
        Warning: Unknown child hide of property.
        Warning: Unknown child uuid of property.
        Warning: Unknown child sheetname of footprint.
        Warning: Unknown child sheetfile of footprint.
        Warning: Unknown child stroke of fp_line.
        Warning: Unknown child uuid of fp_line.
        Warning: Unknown child stroke of fp_line.
        Warning: Unknown child uuid of fp_line.
        Warning: Unknown child stroke of fp_circle.
        Warning: Unknown child uuid of fp_circle.
        Warning: Unknown child stroke of fp_line.
        Warning: Unknown child uuid of fp_line.
        Warning: Unknown child stroke of fp_line.
        Warning: Unknown child uuid of fp_line.
        Warning: Unknown child stroke of fp_line.
        Warning: Unknown child uuid of fp_line.
        Warning: Unknown child stroke of fp_line.
        Warning: Unknown child uuid of fp_line.
        Warning: Unknown child stroke of fp_line.
        Warning: Unknown child uuid of fp_line.
        Warning: Unknown child stroke of fp_line.
        Warning: Unknown child uuid of fp_line.
        Warning: Unknown child stroke of fp_line.
        Warning: Unknown child uuid of fp_line.
        Warning: Unknown child stroke of fp_line.
        Warning: Unknown child uuid of fp_line.
        Warning: Unknown child stroke of fp_circle.
        Warning: Unknown child uuid of fp_circle.
        Warning: Unknown child uuid of pad.
        Warning: Unknown child uuid of pad.
        Warning: Unknown child uuid of pad.
        Warning: Unknown child uuid of pad.
        Warning: Unknown child uuid of pad.
        Warning: Unknown child embedded_fonts of footprint.
        Warning: Unknown child uuid of footprint.
        Warning: Unknown child uuid of property.
        Warning: Unknown child sheetname of footprint.
        Warning: Unknown child sheetfile of footprint.
        Warning: Unknown child stroke of fp_line.
        Warning: Unknown child uuid of fp_line.
        Warning: Unknown child stroke of fp_line.
        Warning: Unknown child uuid of fp_line.
        Warning: Unknown child stroke of fp_line.
        Warning: Unknown child uuid of fp_line.
        Warning: Unknown child stroke of fp_line.
        Warning: Unknown child uuid of fp_line.
        Warning: Unknown child stroke of fp_line.
        Warning: Unknown child uuid of fp_line.
        Warning: Unknown child stroke of fp_line.
        Warning: Unknown child uuid of fp_line.
        Warning: Unknown child stroke of fp_line.
        Warning: Unknown child uuid of fp_line.
        Warning: Unknown child stroke of fp_line.
        Warning: Unknown child uuid of fp_line.
        Warning: Unknown child stroke of fp_line.
        Warning: Unknown child uuid of fp_line.
        Warning: Unknown child stroke of fp_line.
        Warning: Unknown child uuid of fp_line.
        Warning: Unknown child stroke of fp_line.
        Warning: Unknown child uuid of fp_line.
        Warning: Unknown child stroke of fp_line.
        Warning: Unknown child uuid of fp_line.
        Warning: Unknown child stroke of fp_line.
        Warning: Unknown child uuid of fp_line.
        Warning: Unknown child stroke of fp_line.
        Warning: Unknown child uuid of fp_line.
        Warning: Unknown child stroke of fp_line.
        Warning: Unknown child uuid of fp_line.
        Warning: Unknown child stroke of fp_line.
        Warning: Unknown child uuid of fp_line.
        Warning: Unknown child stroke of fp_line.
        Warning: Unknown child uuid of fp_line.
        Warning: Unknown child stroke of fp_line.
        Warning: Unknown child uuid of fp_line.
        Warning: Unknown child stroke of fp_line.
        Warning: Unknown child uuid of fp_line.
        Warning: Unknown child stroke of fp_line.
        Warning: Unknown child uuid of fp_line.
        Warning: Unknown child stroke of fp_line.
        Warning: Unknown child uuid of fp_line.
        Warning: Unknown child stroke of fp_line.
        Warning: Unknown child uuid of fp_line.
        Warning: Unknown child stroke of fp_line.
        Warning: Unknown child uuid of fp_line.
        Warning: Unknown child stroke of fp_line.
        Warning: Unknown child uuid of fp_line.
        Warning: Unknown child stroke of fp_line.
        Warning: Unknown child uuid of fp_line.
        Warning: Unknown child stroke of fp_line.
        Warning: Unknown child uuid of fp_line.
        Warning: Unknown child stroke of fp_line.
        Warning: Unknown child uuid of fp_line.
        Warning: Unknown child stroke of fp_line.
        Warning: Unknown child uuid of fp_line.
        Warning: Unknown child uuid of fp_text.
        Warning: Unknown child uuid of pad.
        Warning: Unknown child uuid of pad.
        Warning: Unknown child uuid of pad.
        Warning: Unknown child uuid of pad.
        Warning: Unknown child embedded_fonts of footprint.
        Warning: Unknown child uuid of footprint.
        Warning: Unknown child uuid of property.
        Warning: Unknown child sheetname of footprint.
        Warning: Unknown child sheetfile of footprint.
        Warning: Unknown child stroke of fp_line.
        Warning: Unknown child uuid of fp_line.
        Warning: Unknown child stroke of fp_line.
        Warning: Unknown child uuid of fp_line.
        Warning: Unknown child stroke of fp_line.
        Warning: Unknown child uuid of fp_line.
        Warning: Unknown child stroke of fp_line.
        Warning: Unknown child uuid of fp_line.
        Warning: Unknown child stroke of fp_line.
        Warning: Unknown child uuid of fp_line.
        Warning: Unknown child stroke of fp_line.
        Warning: Unknown child uuid of fp_line.
        Warning: Unknown child stroke of fp_line.
        Warning: Unknown child uuid of fp_line.
        Warning: Unknown child stroke of fp_line.
        Warning: Unknown child uuid of fp_line.
        Warning: Unknown child stroke of fp_line.
        Warning: Unknown child uuid of fp_line.
        Warning: Unknown child stroke of fp_line.
        Warning: Unknown child uuid of fp_line.
        Warning: Unknown child uuid of fp_text.
        Warning: Unknown child uuid of pad.
        Warning: Unknown child uuid of pad.
        Warning: Unknown child embedded_fonts of footprint.
        Warning: Unknown child uuid of footprint.
        Warning: Unknown child uuid of property.
        Warning: Unknown child sheetname of footprint.
        Warning: Unknown child sheetfile of footprint.
        Warning: Unknown child stroke of fp_line.
        Warning: Unknown child uuid of fp_line.
        Warning: Unknown child stroke of fp_line.
        Warning: Unknown child uuid of fp_line.
        Warning: Unknown child stroke of fp_line.
        Warning: Unknown child uuid of fp_line.
        Warning: Unknown child stroke of fp_line.
        Warning: Unknown child uuid of fp_line.
        Warning: Unknown child stroke of fp_line.
        Warning: Unknown child uuid of fp_line.
        Warning: Unknown child stroke of fp_line.
        Warning: Unknown child uuid of fp_line.
        Warning: Unknown child stroke of fp_line.
        Warning: Unknown child uuid of fp_line.
        Warning: Unknown child stroke of fp_line.
        Warning: Unknown child uuid of fp_line.
        Warning: Unknown child stroke of fp_line.
        Warning: Unknown child uuid of fp_line.
        Warning: Unknown child stroke of fp_line.
        Warning: Unknown child uuid of fp_line.
        Warning: Unknown child uuid of fp_text.
        Warning: Unknown child uuid of pad.
        Warning: Unknown child uuid of pad.
        Warning: Unknown child embedded_fonts of footprint.
        Warning: Unknown child stroke of gr_rect.
        Warning: Unknown child net of gr_rect.
        Warning: Unknown child uuid of gr_rect.
        Warning: Unknown child stroke of gr_rect.
        Warning: Unknown child net of gr_rect.
        Warning: Unknown child uuid of gr_rect.
        Warning: Unknown child stroke of gr_rect.
        Warning: Unknown child net of gr_rect.
        Warning: Unknown child uuid of gr_rect.
        Warning: Unknown child stroke of gr_rect.
        Warning: Unknown child net of gr_rect.
        Warning: Unknown child uuid of gr_rect.
        Warning: Unknown child stroke of gr_rect.
        Warning: Unknown child net of gr_rect.
        Warning: Unknown child uuid of gr_rect.
        Warning: Unknown child stroke of gr_rect.
        Warning: Unknown child uuid of gr_rect.
        Warning: Unknown child stroke of gr_rect.
        Warning: Unknown child uuid of gr_rect.
        Warning: Unknown child stroke of gr_rect.
        Warning: Unknown child uuid of gr_rect.
        Warning: Unknown child uuid of segment.
        Warning: Unknown child uuid of segment.
        Warning: Unknown child uuid of segment.
        Warning: Unknown child uuid of segment.
        Warning: Unknown child uuid of segment.
        Warning: Unknown child uuid of segment.
        Warning: Unknown child uuid of segment.
        Warning: Unknown child uuid of segment.
        Warning: Unknown child uuid of segment.
        Warning: Unknown child uuid of segment.
        Warning: Unknown child uuid of segment.
        Warning: Unknown child uuid of segment.
        Warning: Unknown child uuid of segment.
        Warning: Unknown child uuid of segment.
        Warning: Unknown child uuid of segment.
        Warning: Unknown child uuid of segment.
        Warning: Unknown child uuid of segment.
        Warning: Unknown child uuid of segment.
        Warning: Unknown child uuid of segment.
        Warning: Unknown child uuid of segment.
        Warning: Unknown child uuid of segment.
        Warning: Unknown child uuid of segment.
        Warning: Unknown child uuid of segment.
        Warning: Unknown child uuid of segment.
        Warning: Unknown child uuid of segment.
        Warning: Unknown child uuid of segment.
        Warning: Unknown child uuid of segment.
        Warning: Unknown child uuid of segment.
        Warning: Unknown child uuid of segment.
        Warning: Unknown child uuid of segment.
        Warning: Unknown child uuid of segment.
        Warning: Unknown child uuid of segment.
        Warning: Unknown child uuid of segment.
        Warning: Unknown child uuid of segment.
        Warning: Unknown child uuid of via.
        Warning: Unknown child uuid of via.
        Warning: Unknown child uuid of via.
        Warning: Unknown child uuid of via.
        Warning: Unknown child uuid of via.
        Warning: Unknown child uuid of via.
        Warning: Unknown child uuid of via.
        Warning: Unknown child uuid of via.
        Warning: Unknown child uuid of via.
        Warning: Unknown child uuid of via.
        Warning: Unknown child uuid of via.
        Warning: Unknown child uuid of via.
        Warning: Unknown child uuid of via.
        Warning: Unknown child uuid of via.
        Warning: Unknown child uuid of via.
        Warning: Unknown child uuid of via.
        Warning: Unknown child uuid of via.
        Warning: Unknown child uuid of via.
        Warning: Unknown child uuid of via.
        Warning: Unknown child uuid of via.
        Warning: Unknown child uuid of via.
        Warning: Unknown child uuid of via.
        Warning: Unknown child uuid of via.
        Warning: Unknown child uuid of via.
        Warning: Unknown child uuid of via.
        Warning: Unknown child uuid of via.
        Warning: Unknown child uuid of via.
        Warning: Unknown child uuid of via.
        Warning: Unknown child uuid of via.
        Warning: Unknown child uuid of via.
        Warning: Unknown child uuid of segment.
        Warning: Unknown child uuid of segment.
        Warning: Unknown child uuid of segment.
        Warning: Unknown child uuid of segment.
        Warning: Unknown child uuid of segment.
        Warning: Unknown child uuid of segment.
        Warning: Unknown child uuid of segment.
        Warning: Unknown child uuid of segment.
        Warning: Unknown child uuid of segment.
        Warning: Unknown child uuid of segment.
        Warning: Unknown child uuid of segment.
        Warning: Unknown child uuid of segment.
        Warning: Unknown child uuid of segment.
        Warning: Unknown child uuid of segment.
        Warning: Unknown child uuid of segment.
        Warning: Unknown child uuid of segment.
        Warning: Unknown child uuid of segment.
        Warning: Unknown child uuid of segment.
        Warning: Unknown child uuid of via.
        Warning: Unknown child uuid of via.
        Warning: Unknown child uuid of via.
        Warning: Unknown child uuid of via.
        Warning: Unknown child uuid of via.
        Warning: Unknown child uuid of via.
        Warning: Unknown child uuid of via.
        Warning: Unknown child uuid of segment.
        Warning: Unknown child uuid of segment.
        Warning: Unknown child uuid of segment.
        Warning: Unknown child uuid of segment.
        Warning: Unknown child uuid of segment.
        Warning: Unknown child uuid of segment.
        Warning: Unknown child uuid of segment.
        Warning: Unknown child uuid of segment.
        Warning: Unknown child uuid of segment.
        Warning: Unknown child uuid of segment.
        Warning: Unknown child uuid of segment.
        Warning: Unknown child uuid of segment.
        Warning: Unknown child uuid of segment.
        Warning: Unknown child uuid of via.
        Warning: Unknown child uuid of via.
        Warning: Unknown child uuid of segment.
        Warning: Unknown child uuid of segment.
        Warning: Unknown child uuid of segment.
        Warning: Unknown child uuid of segment.
        Warning: Unknown child uuid of segment.
        Warning: Unknown child uuid of segment.
        Warning: Unknown child uuid of segment.
        Warning: Unknown child uuid of segment.
        Warning: Unknown child uuid of segment.
        Warning: Unknown child uuid of segment.
        Warning: Unknown child uuid of segment.
        Warning: Unknown child uuid of segment.
        Warning: Unknown child uuid of segment.
        Warning: Unknown child uuid of segment.
        Warning: Unknown child uuid of segment.
        Warning: Unknown child uuid of segment.
        Warning: Unknown child uuid of segment.
        Warning: Unknown child uuid of segment.
        Warning: Unknown child uuid of segment.
        Warning: Unknown child uuid of segment.
        Warning: Unknown child uuid of segment.
        Warning: Unknown child uuid of segment.
        Warning: Unknown child uuid of segment.
        Warning: Unknown child uuid of segment.
        Warning: Unknown child uuid of via.
        Warning: Unknown child uuid of via.
        Warning: Unknown child uuid of segment.
        Warning: Unknown child uuid of segment.
        Warning: Unknown child uuid of segment.
        Warning: Unknown child uuid of segment.
        Warning: Unknown child uuid of segment.
        Warning: Unknown child uuid of segment.
        Warning: Unknown child uuid of segment.
        Warning: Unknown child uuid of segment.
        Warning: Unknown child uuid of segment.
        Warning: Unknown child uuid of segment.
        Warning: Unknown child uuid of segment.
        Warning: Unknown child uuid of segment.
        Warning: Unknown child uuid of segment.
        Warning: Unknown child uuid of via.
        Warning: Unknown child uuid of via.
        Warning: Unknown child uuid of segment.
        Warning: Unknown child uuid of segment.
        Warning: Unknown child uuid of segment.
        Warning: Unknown child uuid of segment.
        Warning: Unknown child uuid of segment.
        Warning: Unknown child uuid of segment.
        Warning: Unknown child uuid of segment.
        Warning: Unknown child uuid of segment.
        Warning: Unknown child uuid of segment.
        Warning: Unknown child uuid of segment.
        Warning: Unknown child uuid of segment.
        Warning: Unknown child uuid of segment.
        Warning: Unknown child uuid of segment.
        Warning: Unknown child uuid of segment.
        Warning: Unknown child uuid of segment.
        Warning: Unknown child uuid of via.
        Warning: Unknown child uuid of via.
        Warning: Unknown child uuid of segment.
        Warning: Unknown child uuid of segment.
        Warning: Unknown child uuid of segment.
        Warning: Unknown child uuid of segment.
        Warning: Unknown child uuid of segment.
        Warning: Unknown child uuid of segment.
        Warning: Unknown child uuid of segment.
        Warning: Unknown child uuid of segment.
        Warning: Unknown child uuid of segment.
        Warning: Unknown child uuid of segment.
        Warning: Unknown child uuid of segment.
        Warning: Unknown child uuid of segment.
        Warning: Unknown child uuid of segment.
        Warning: Unknown child uuid of segment.
        Warning: Unknown child uuid of segment.
        Warning: Unknown child uuid of segment.
        Warning: Unknown child uuid of segment.
        Warning: Unknown child uuid of segment.
        Warning: Unknown child uuid of segment.
        Warning: Unknown child uuid of segment.
        Warning: Unknown child uuid of segment.
        Warning: Unknown child uuid of via.
        Warning: Unknown child uuid of segment.
        Warning: Unknown child uuid of segment.
        Warning: Unknown child uuid of segment.
        Warning: Unknown child uuid of segment.
        Warning: Unknown child uuid of segment.
        Warning: Unknown child uuid of segment.
        Warning: Unknown child uuid of segment.
        Warning: Unknown child uuid of segment.
        Warning: Unknown child uuid of segment.
        Warning: Unknown child uuid of segment.
        Warning: Unknown child uuid of segment.
        Warning: Unknown child uuid of segment.
        Warning: Unknown child uuid of segment.
        Warning: Unknown child uuid of segment.
        Warning: Unknown child uuid of segment.
        Warning: Unknown child uuid of segment.
        Warning: Unknown child uuid of segment.
        Warning: Unknown child uuid of segment.
        Warning: Unknown child uuid of segment.
        Warning: Unknown child uuid of segment.
        Warning: Unknown child uuid of via.
        Warning: Unknown child uuid of segment.
        Warning: Unknown child uuid of segment.
        Warning: Unknown child uuid of segment.
        Warning: Unknown child uuid of segment.
        Warning: Unknown child uuid of segment.
        Warning: Unknown child uuid of segment.
        Warning: Unknown child uuid of segment.
        Warning: Unknown child uuid of segment.
        Warning: Unknown child uuid of segment.
        Warning: Unknown child uuid of segment.
        Warning: Unknown child uuid of segment.
        Warning: Unknown child uuid of segment.
        Warning: Unknown child uuid of segment.
        Warning: Unknown child uuid of via.
        Warning: Unknown child uuid of segment.
        Warning: Unknown child uuid of segment.
        Warning: Unknown child uuid of segment.
        Warning: Unknown child uuid of segment.
        Warning: Unknown child uuid of segment.
        Warning: Unknown child uuid of segment.
        Warning: Unknown child uuid of segment.
        Warning: Unknown child uuid of segment.
        Warning: Unknown child uuid of segment.
        Warning: Unknown child uuid of segment.
        Warning: Unknown child uuid of segment.
        Warning: Unknown child uuid of segment.
        Warning: Unknown child uuid of segment.
        Warning: Unknown child uuid of segment.
        Warning: Unknown child uuid of segment.
        Warning: Unknown child uuid of segment.
        Warning: Unknown child uuid of segment.
        Warning: Unknown child uuid of via.
        Warning: Unknown child uuid of segment.
        Warning: Unknown child uuid of segment.
        Warning: Unknown child uuid of segment.
        Warning: Unknown child uuid of segment.
        Warning: Unknown child uuid of segment.
        Warning: Unknown child uuid of segment.
        Warning: Unknown child uuid of via.
        Warning: Unknown child uuid of segment.
        Warning: Unknown child uuid of segment.
        Warning: Unknown child uuid of segment.
        Warning: Unknown child uuid of segment.
        Warning: Unknown child uuid of segment.
        Warning: Unknown child uuid of segment.
        Warning: Unknown child uuid of segment.
        Warning: Unknown child uuid of segment.
        Warning: Unknown child uuid of segment.
        Warning: Unknown child uuid of segment.
        Warning: Unknown child uuid of segment.
        Warning: Unknown child uuid of segment.
        Warning: Unknown child uuid of segment.
        Warning: Unknown child uuid of segment.
        Warning: Unknown child uuid of segment.
        Warning: Unknown child uuid of segment.
        Warning: Unknown child uuid of segment.
        Warning: Unknown child uuid of segment.
        Warning: Unknown child uuid of segment.
        Warning: Unknown child uuid of segment.
        Warning: Unknown child uuid of segment.
        Warning: Unknown child uuid of segment.
        Warning: Unknown child uuid of segment.
        Warning: Unknown child uuid of segment.
        Warning: Unknown child uuid of segment.
        Warning: Unknown child uuid of segment.
        Warning: Unknown child uuid of segment.
        Warning: Unknown child uuid of segment.
        Warning: Unknown child uuid of segment.
        Warning: Unknown child uuid of segment.
        Warning: Unknown child uuid of segment.
        Warning: Unknown child uuid of segment.
        Warning: Unknown child uuid of segment.
        Warning: Unknown child uuid of segment.
        Warning: Unknown child uuid of segment.
        Warning: Unknown child uuid of segment.
        Warning: Unknown child uuid of segment.
        Warning: Unknown child uuid of segment.
        Warning: Unknown child uuid of segment.
        Warning: Unknown child uuid of segment.
        Warning: Unknown child uuid of segment.
        Warning: Unknown child uuid of segment.
        Warning: Unknown child uuid of segment.
        Warning: Unknown child uuid of segment.
        Warning: Unknown child uuid of segment.
        Warning: Unknown child uuid of via.
        Warning: Unknown child uuid of segment.
        Warning: Unknown child uuid of segment.
        Warning: Unknown child uuid of segment.
        Warning: Unknown child uuid of segment.
        Warning: Unknown child uuid of segment.
        Warning: Unknown child uuid of segment.
        Warning: Unknown child uuid of segment.
        Warning: Unknown child uuid of segment.
        Warning: Unknown child uuid of segment.
        Warning: Unknown child uuid of segment.
        Warning: Unknown child uuid of segment.
        Warning: Unknown child uuid of segment.
        Warning: Unknown child uuid of segment.
        Warning: Unknown child uuid of segment.
        Warning: Unknown child uuid of segment.
        Warning: Unknown child uuid of segment.
        Warning: Unknown child uuid of segment.
        Warning: Unknown child uuid of segment.
        Warning: Unknown child uuid of segment.
        Warning: Unknown child uuid of segment.
        Warning: Unknown child uuid of segment.
        Warning: Unknown child uuid of via.
        Warning: Unknown child uuid of segment.
        Warning: Unknown child uuid of segment.
        Warning: Unknown child uuid of segment.
        Warning: Unknown child uuid of segment.
        Warning: Unknown child uuid of segment.
        Warning: Unknown child uuid of segment.
        Warning: Unknown child uuid of segment.
        Warning: Unknown child uuid of via.
        Warning: Unknown child uuid of segment.
        Warning: Unknown child uuid of segment.
        Warning: Unknown child uuid of segment.
        Warning: Unknown child uuid of segment.
        Warning: Unknown child uuid of segment.
        Warning: Unknown child uuid of segment.
        Warning: Unknown child uuid of segment.
        Warning: Unknown child uuid of segment.
        Warning: Unknown child uuid of segment.
        Warning: Unknown child uuid of segment.
        Warning: Unknown child uuid of segment.
        Warning: Unknown child uuid of zone.
        Warning: Unknown child uuid of zone.
        Warning: Unknown child 'embedded_fonts' of 'kicad_pcb'.
    EndSection
    Section : Import Document - C:\Users\boris\OneDrive\Документы\KiCad_github\ArmProthesis\Imported Voltage supply of sEMG & ADC\ADC.PcbDoc
        Error: Import is not implemented for: KiCadLib.PCB.PCBLine
        Error: Import is not implemented for: KiCadLib.PCB.PCBLine
        Error: Import is not implemented for: KiCadLib.PCB.PCBLine
        Error: Import is not implemented for: KiCadLib.PCB.PCBLine
        Error: Import is not implemented for: KiCadLib.PCB.PCBLine
        Error: Import is not implemented for: KiCadLib.PCB.PCBLine
        Error: Import is not implemented for: KiCadLib.PCB.PCBLine
        Error: Import is not implemented for: KiCadLib.PCB.PCBLine
        Error: Import is not implemented for: KiCadLib.PCB.PCBLine
        Error: Import is not implemented for: KiCadLib.PCB.PCBLine
        Error: Import is not implemented for: KiCadLib.PCB.PCBLine
        Error: Import is not implemented for: KiCadLib.PCB.PCBLine
        Error: Import is not implemented for: KiCadLib.PCB.PCBLine
        Error: Import is not implemented for: KiCadLib.PCB.PCBLine
        Error: Import is not implemented for: KiCadLib.PCB.PCBLine
        Error: Import is not implemented for: KiCadLib.PCB.PCBLine
        Error: Import is not implemented for: KiCadLib.PCB.PCBLine
        Error: Import is not implemented for: KiCadLib.PCB.PCBLine
        Error: Import is not implemented for: KiCadLib.PCB.PCBLine
        Error: Import is not implemented for: KiCadLib.PCB.PCBLine
        Error: Import is not implemented for: KiCadLib.PCB.PCBLine
        Error: Import is not implemented for: KiCadLib.PCB.PCBLine
        Error: Import is not implemented for: KiCadLib.PCB.PCBLine
        Error: Import is not implemented for: KiCadLib.PCB.PCBLine
        Error: Import is not implemented for: KiCadLib.PCB.PCBLine
        Error: Import is not implemented for: KiCadLib.PCB.PCBLine
        Error: Import is not implemented for: KiCadLib.PCB.PCBLine
        Error: Import is not implemented for: KiCadLib.PCB.PCBLine
        Error: Import is not implemented for: KiCadLib.PCB.PCBLine
        Error: Import is not implemented for: KiCadLib.PCB.PCBLine
        Error: Import is not implemented for: KiCadLib.PCB.PCBLine
        Error: Import is not implemented for: KiCadLib.PCB.PCBLine
        Error: Import is not implemented for: KiCadLib.PCB.PCBLine
        Error: Import is not implemented for: KiCadLib.PCB.PCBLine
        Error: Import is not implemented for: KiCadLib.PCB.PCBLine
        Error: Import is not implemented for: KiCadLib.PCB.PCBLine
        Error: Import is not implemented for: KiCadLib.PCB.PCBLine
        Error: Import is not implemented for: KiCadLib.PCB.PCBLine
        Error: Import is not implemented for: KiCadLib.PCB.PCBLine
        Error: Import is not implemented for: KiCadLib.PCB.PCBLine
        Error: Import is not implemented for: KiCadLib.PCB.PCBLine
        Error: Import is not implemented for: KiCadLib.PCB.PCBLine
        Error: Import is not implemented for: KiCadLib.PCB.PCBLine
        Error: Import is not implemented for: KiCadLib.PCB.PCBLine
        Error: Import is not implemented for: KiCadLib.PCB.PCBLine
        Error: Import is not implemented for: KiCadLib.PCB.PCBLine
        Error: Import is not implemented for: KiCadLib.PCB.PCBLine
        Error: Import is not implemented for: KiCadLib.PCB.PCBLine
        Error: Import is not implemented for: KiCadLib.PCB.PCBLine
        Error: Import is not implemented for: KiCadLib.PCB.PCBLine
        Error: Import is not implemented for: KiCadLib.PCB.PCBLine
        Error: Import is not implemented for: KiCadLib.PCB.PCBLine
        Error: Import is not implemented for: KiCadLib.PCB.PCBLine
        Error: Import is not implemented for: KiCadLib.PCB.PCBLine
        Error: Import is not implemented for: KiCadLib.PCB.PCBLine
        Error: Import is not implemented for: KiCadLib.PCB.PCBLine
        Error: Import is not implemented for: KiCadLib.PCB.PCBLine
        Error: Import is not implemented for: KiCadLib.PCB.PCBLine
        Error: Import is not implemented for: KiCadLib.PCB.PCBLine
        Error: Import is not implemented for: KiCadLib.PCB.PCBLine
        Error: Import is not implemented for: KiCadLib.PCB.PCBLine
        Error: Import is not implemented for: KiCadLib.PCB.PCBLine
        Error: Import is not implemented for: KiCadLib.PCB.PCBLine
        Error: Import is not implemented for: KiCadLib.PCB.PCBLine
        Error: Import is not implemented for: KiCadLib.PCB.PCBLine
        Error: Import is not implemented for: KiCadLib.PCB.PCBLine
        Error: Import is not implemented for: KiCadLib.PCB.PCBLine
        Error: Import is not implemented for: KiCadLib.PCB.PCBLine
        Error: Import is not implemented for: KiCadLib.PCB.PCBLine
        Error: Import is not implemented for: KiCadLib.PCB.PCBLine
        Error: Import is not implemented for: KiCadLib.PCB.PCBLine
        Error: Import is not implemented for: KiCadLib.PCB.PCBLine
        Error: Import is not implemented for: KiCadLib.PCB.PCBLine
        Error: Import is not implemented for: KiCadLib.PCB.PCBLine
        Error: Import is not implemented for: KiCadLib.PCB.PCBLine
        Error: Import is not implemented for: KiCadLib.PCB.PCBLine
        Error: Import is not implemented for: KiCadLib.PCB.PCBLine
        Error: Import is not implemented for: KiCadLib.PCB.PCBLine
        Error: Import is not implemented for: KiCadLib.PCB.PCBLine
        Error: Import is not implemented for: KiCadLib.PCB.PCBLine
        Error: Import is not implemented for: KiCadLib.PCB.PCBLine
        Error: Import is not implemented for: KiCadLib.PCB.PCBLine
        Error: Import is not implemented for: KiCadLib.PCB.PCBLine
        Error: Import is not implemented for: KiCadLib.PCB.PCBLine
        Error: Import is not implemented for: KiCadLib.PCB.PCBLine
        Error: Import is not implemented for: KiCadLib.PCB.PCBLine
        Error: Import is not implemented for: KiCadLib.PCB.PCBLine
        Error: Import is not implemented for: KiCadLib.PCB.PCBLine
        Error: Import is not implemented for: KiCadLib.PCB.PCBLine
        Error: Import is not implemented for: KiCadLib.PCB.PCBLine
        Error: Import is not implemented for: KiCadLib.PCB.PCBLine
        Error: Import is not implemented for: KiCadLib.PCB.PCBLine
        Error: Import is not implemented for: KiCadLib.PCB.PCBLine
        Error: Import is not implemented for: KiCadLib.PCB.PCBLine
        Error: Import is not implemented for: KiCadLib.PCB.PCBLine
        Error: Import is not implemented for: KiCadLib.PCB.PCBLine
        Error: Import is not implemented for: KiCadLib.PCB.PCBLine
        Error: Import is not implemented for: KiCadLib.PCB.PCBLine
        Error: Import is not implemented for: KiCadLib.PCB.PCBLine
        Error: Import is not implemented for: KiCadLib.PCB.PCBLine
        Error: Import is not implemented for: KiCadLib.PCB.PCBLine
        Error: Import is not implemented for: KiCadLib.PCB.PCBLine
        Error: Import is not implemented for: KiCadLib.PCB.PCBLine
        Error: Import is not implemented for: KiCadLib.PCB.PCBLine
        Error: Import is not implemented for: KiCadLib.PCB.PCBLine
        Error: Import is not implemented for: KiCadLib.PCB.PCBLine
        Error: Import is not implemented for: KiCadLib.PCB.PCBLine
        Error: Import is not implemented for: KiCadLib.PCB.PCBLine
        Error: Import is not implemented for: KiCadLib.PCB.PCBLine
        Error: Import is not implemented for: KiCadLib.PCB.PCBLine
        Error: Import is not implemented for: KiCadLib.PCB.PCBLine
        Error: Import is not implemented for: KiCadLib.PCB.PCBLine
        Error: Import is not implemented for: KiCadLib.PCB.PCBLine
        Error: Import is not implemented for: KiCadLib.PCB.PCBLine
        Error: Import is not implemented for: KiCadLib.PCB.PCBLine
        Error: Import is not implemented for: KiCadLib.PCB.PCBLine
        Error: Import is not implemented for: KiCadLib.PCB.PCBLine
        Error: Import is not implemented for: KiCadLib.PCB.PCBLine
        Error: Import is not implemented for: KiCadLib.PCB.PCBLine
        Error: Import is not implemented for: KiCadLib.PCB.PCBLine
        Error: Import is not implemented for: KiCadLib.PCB.PCBLine
        Error: Import is not implemented for: KiCadLib.PCB.PCBLine
        Error: Import is not implemented for: KiCadLib.PCB.PCBLine
        Error: Import is not implemented for: KiCadLib.PCB.PCBLine
        Error: Import is not implemented for: KiCadLib.PCB.PCBLine
        Error: Import is not implemented for: KiCadLib.PCB.PCBLine
        Error: Import is not implemented for: KiCadLib.PCB.PCBLine
        Error: Import is not implemented for: KiCadLib.PCB.PCBLine
        Error: Import is not implemented for: KiCadLib.PCB.PCBLine
        Error: Import is not implemented for: KiCadLib.PCB.PCBLine
        Error: Import is not implemented for: KiCadLib.PCB.PCBLine
        Error: Import is not implemented for: KiCadLib.PCB.PCBLine
        Error: Import is not implemented for: KiCadLib.PCB.PCBLine
        Error: Import is not implemented for: KiCadLib.PCB.PCBLine
        Error: Import is not implemented for: KiCadLib.PCB.PCBLine
        Error: Import is not implemented for: KiCadLib.PCB.PCBLine
        Error: Import is not implemented for: KiCadLib.PCB.PCBLine
        Error: Import is not implemented for: KiCadLib.PCB.PCBLine
        Error: Import is not implemented for: KiCadLib.PCB.PCBLine
        Error: Import is not implemented for: KiCadLib.PCB.PCBLine
        Error: Import is not implemented for: KiCadLib.PCB.PCBLine
        Error: Import is not implemented for: KiCadLib.PCB.PCBLine
        Error: Import is not implemented for: KiCadLib.PCB.PCBLine
        Error: Import is not implemented for: KiCadLib.PCB.PCBLine
        Error: Import is not implemented for: KiCadLib.PCB.PCBLine
        Error: Import is not implemented for: KiCadLib.PCB.PCBLine
        Error: Import is not implemented for: KiCadLib.PCB.PCBLine
        Error: Import is not implemented for: KiCadLib.PCB.PCBLine
        Error: Import is not implemented for: KiCadLib.PCB.PCBLine
        Error: Import is not implemented for: KiCadLib.PCB.PCBLine
        Error: Import is not implemented for: KiCadLib.PCB.PCBLine
        Error: Import is not implemented for: KiCadLib.PCB.PCBLine
        Error: Import is not implemented for: KiCadLib.PCB.PCBLine
        Error: Import is not implemented for: KiCadLib.PCB.PCBLine
        Error: Import is not implemented for: KiCadLib.PCB.PCBLine
        Error: Import is not implemented for: KiCadLib.PCB.PCBLine
        Error: Import is not implemented for: KiCadLib.PCB.PCBLine
        Error: Import is not implemented for: KiCadLib.PCB.PCBLine
        Error: Import is not implemented for: KiCadLib.PCB.PCBLine
        Error: Import is not implemented for: KiCadLib.PCB.PCBLine
        Error: Import is not implemented for: KiCadLib.PCB.PCBLine
        Error: Import is not implemented for: KiCadLib.PCB.PCBLine
        Error: Import is not implemented for: KiCadLib.PCB.PCBLine
        Error: Import is not implemented for: KiCadLib.PCB.PCBLine
        Error: Import is not implemented for: KiCadLib.PCB.PCBLine
        Error: Import is not implemented for: KiCadLib.PCB.PCBLine
        Error: Import is not implemented for: KiCadLib.PCB.PCBLine
        Error: Import is not implemented for: KiCadLib.PCB.PCBLine
        Error: Import is not implemented for: KiCadLib.PCB.PCBLine
        Error: Import is not implemented for: KiCadLib.PCB.PCBLine
        Error: Import is not implemented for: KiCadLib.PCB.PCBLine
        Error: Import is not implemented for: KiCadLib.PCB.PCBLine
        Error: Import is not implemented for: KiCadLib.PCB.PCBLine
        Error: Import is not implemented for: KiCadLib.PCB.PCBLine
        Error: Import is not implemented for: KiCadLib.PCB.PCBLine
        Error: Import is not implemented for: KiCadLib.PCB.PCBLine
        Error: Import is not implemented for: KiCadLib.PCB.PCBLine
        Error: Import is not implemented for: KiCadLib.PCB.PCBLine
        Error: Import is not implemented for: KiCadLib.PCB.PCBLine
        Error: Import is not implemented for: KiCadLib.PCB.PCBLine
        Error: Import is not implemented for: KiCadLib.PCB.PCBLine
        Error: Import is not implemented for: KiCadLib.PCB.PCBLine
        Error: Import is not implemented for: KiCadLib.PCB.PCBLine
        Error: Import is not implemented for: KiCadLib.PCB.PCBLine
        Error: Import is not implemented for: KiCadLib.PCB.PCBLine
        Error: Import is not implemented for: KiCadLib.PCB.PCBLine
        Error: Import is not implemented for: KiCadLib.PCB.PCBLine
        Error: Import is not implemented for: KiCadLib.PCB.PCBLine
        Error: Import is not implemented for: KiCadLib.PCB.PCBLine
        Error: Import is not implemented for: KiCadLib.PCB.PCBLine
        Error: Import is not implemented for: KiCadLib.PCB.PCBLine
        Error: Import is not implemented for: KiCadLib.PCB.PCBLine
        Error: Import is not implemented for: KiCadLib.PCB.PCBLine
        Error: Import is not implemented for: KiCadLib.PCB.PCBLine
        Error: Import is not implemented for: KiCadLib.PCB.PCBLine
        Error: Import is not implemented for: KiCadLib.PCB.PCBLine
        Error: Import is not implemented for: KiCadLib.PCB.PCBLine
        Error: Import is not implemented for: KiCadLib.PCB.PCBLine
        Error: Import is not implemented for: KiCadLib.PCB.PCBLine
        Error: Import is not implemented for: KiCadLib.PCB.PCBLine
        Error: Import is not implemented for: KiCadLib.PCB.PCBLine
        Error: Import is not implemented for: KiCadLib.PCB.PCBLine
        Error: Import is not implemented for: KiCadLib.PCB.PCBLine
        Error: Import is not implemented for: KiCadLib.PCB.PCBLine
        Error: Import is not implemented for: KiCadLib.PCB.PCBLine
        Error: Import is not implemented for: KiCadLib.PCB.PCBLine
        Error: Import is not implemented for: KiCadLib.PCB.PCBLine
        Error: Import is not implemented for: KiCadLib.PCB.PCBLine
        Error: Import is not implemented for: KiCadLib.PCB.PCBLine
        Error: Import is not implemented for: KiCadLib.PCB.PCBLine
        Error: Import is not implemented for: KiCadLib.PCB.PCBLine
        Error: Import is not implemented for: KiCadLib.PCB.PCBLine
        Error: Import is not implemented for: KiCadLib.PCB.PCBLine
        Error: Import is not implemented for: KiCadLib.PCB.PCBLine
        Error: Import is not implemented for: KiCadLib.PCB.PCBLine
        Error: Import is not implemented for: KiCadLib.PCB.PCBLine
        Error: Import is not implemented for: KiCadLib.PCB.PCBLine
        Error: Import is not implemented for: KiCadLib.PCB.PCBLine
        Error: Import is not implemented for: KiCadLib.PCB.PCBLine
        Error: Import is not implemented for: KiCadLib.PCB.PCBLine
        Error: Import is not implemented for: KiCadLib.PCB.PCBLine
        Error: Import is not implemented for: KiCadLib.PCB.PCBLine
        Error: Import is not implemented for: KiCadLib.PCB.PCBLine
        Error: Import is not implemented for: KiCadLib.PCB.PCBLine
        Error: Import is not implemented for: KiCadLib.PCB.PCBLine
        Error: Import is not implemented for: KiCadLib.PCB.PCBLine
        Error: Import is not implemented for: KiCadLib.PCB.PCBLine
        Error: Import is not implemented for: KiCadLib.PCB.PCBLine
        Error: Import is not implemented for: KiCadLib.PCB.PCBLine
        Error: Import is not implemented for: KiCadLib.PCB.PCBLine
        Error: Import is not implemented for: KiCadLib.PCB.PCBLine
        Error: Import is not implemented for: KiCadLib.PCB.PCBLine
        Error: Import is not implemented for: KiCadLib.PCB.PCBLine
        Error: Import is not implemented for: KiCadLib.PCB.PCBLine
        Error: Import is not implemented for: KiCadLib.PCB.PCBLine
        Error: Import is not implemented for: KiCadLib.PCB.PCBLine
        Error: Import is not implemented for: KiCadLib.PCB.PCBLine
        Error: Import is not implemented for: KiCadLib.PCB.PCBLine
        Error: Import is not implemented for: KiCadLib.PCB.PCBLine
        Error: Import is not implemented for: KiCadLib.PCB.PCBLine
        Error: Import is not implemented for: KiCadLib.PCB.PCBLine
        Error: Import is not implemented for: KiCadLib.PCB.PCBLine
        Error: Import is not implemented for: KiCadLib.PCB.PCBLine
        Error: Import is not implemented for: KiCadLib.PCB.PCBLine
        Error: Import is not implemented for: KiCadLib.PCB.PCBLine
        Error: Import is not implemented for: KiCadLib.PCB.PCBLine
        Error: Import is not implemented for: KiCadLib.PCB.PCBLine
        Error: Import is not implemented for: KiCadLib.PCB.PCBLine
        Error: Import is not implemented for: KiCadLib.PCB.PCBLine
        Error: Import is not implemented for: KiCadLib.PCB.PCBLine
        Error: Import is not implemented for: KiCadLib.PCB.PCBLine
        Error: Import is not implemented for: KiCadLib.PCB.PCBLine
        Error: Import is not implemented for: KiCadLib.PCB.PCBLine
        Error: Import is not implemented for: KiCadLib.PCB.PCBLine
        Error: Import is not implemented for: KiCadLib.PCB.PCBLine
        Error: Import is not implemented for: KiCadLib.PCB.PCBLine
        Error: Import is not implemented for: KiCadLib.PCB.PCBLine
        Error: Import is not implemented for: KiCadLib.PCB.PCBLine
        Error: Import is not implemented for: KiCadLib.PCB.PCBLine
        Error: Import is not implemented for: KiCadLib.PCB.PCBLine
        Error: Import is not implemented for: KiCadLib.PCB.PCBLine
        Error: Import is not implemented for: KiCadLib.PCB.PCBLine
        Error: Import is not implemented for: KiCadLib.PCB.PCBLine
        Error: Import is not implemented for: KiCadLib.PCB.PCBLine
        Error: Import is not implemented for: KiCadLib.PCB.PCBLine
        Error: Import is not implemented for: KiCadLib.PCB.PCBLine
        Error: Import is not implemented for: KiCadLib.PCB.PCBLine
        Error: Import is not implemented for: KiCadLib.PCB.PCBLine
        Error: Import is not implemented for: KiCadLib.PCB.PCBLine
        Error: Import is not implemented for: KiCadLib.PCB.PCBLine
        Error: Import is not implemented for: KiCadLib.PCB.PCBLine
        Error: Import is not implemented for: KiCadLib.PCB.PCBLine
        Error: Import is not implemented for: KiCadLib.PCB.PCBLine
        Error: Import is not implemented for: KiCadLib.PCB.PCBLine
        Error: Import is not implemented for: KiCadLib.PCB.PCBLine
        Error: Import is not implemented for: KiCadLib.PCB.PCBLine
        Error: Import is not implemented for: KiCadLib.PCB.PCBLine
        Error: Import is not implemented for: KiCadLib.PCB.PCBLine
        Section : Component U1 importing.
            Error: Import is not implemented for: KiCadLib.PCB.PCBLine
            Error: Import is not implemented for: KiCadLib.PCB.PCBLine
            Error: Import is not implemented for: KiCadLib.PCB.PCBLine
            Error: Import is not implemented for: KiCadLib.PCB.PCBLine
            Error: Import is not implemented for: KiCadLib.PCB.PCBLine
            Error: Import is not implemented for: KiCadLib.PCB.PCBLine
            Error: Import is not implemented for: KiCadLib.PCB.PCBLine
            Error: Import is not implemented for: KiCadLib.PCB.PCBLine
            Error: Import is not implemented for: KiCadLib.PCB.PCBLine
        EndSection
        Section : Component C7 importing.
            Error: Import is not implemented for: KiCadLib.PCB.PCBLine
            Error: Import is not implemented for: KiCadLib.PCB.PCBLine
            Error: Import is not implemented for: KiCadLib.PCB.PCBLine
            Error: Import is not implemented for: KiCadLib.PCB.PCBLine
            Error: Import is not implemented for: KiCadLib.PCB.PCBLine
            Error: Import is not implemented for: KiCadLib.PCB.PCBLine
            Error: Import is not implemented for: KiCadLib.PCB.PCBLine
        EndSection
        Section : Component SW2 importing.
            Error: Import is not implemented for: KiCadLib.PCB.PCBLine
            Error: Import is not implemented for: KiCadLib.PCB.PCBLine
            Error: Import is not implemented for: KiCadLib.PCB.PCBLine
            Error: Import is not implemented for: KiCadLib.PCB.PCBLine
            Error: Import is not implemented for: KiCadLib.PCB.PCBLine
            Error: Import is not implemented for: KiCadLib.PCB.PCBLine
            Error: Import is not implemented for: KiCadLib.PCB.PCBLine
        EndSection
        Section : Component DNP1 importing.
            Error: Import is not implemented for: KiCadLib.PCB.PCBLine
            Error: Import is not implemented for: KiCadLib.PCB.PCBLine
            Error: Import is not implemented for: KiCadLib.PCB.PCBLine
            Error: Import is not implemented for: KiCadLib.PCB.PCBLine
            Error: Import is not implemented for: KiCadLib.PCB.PCBLine
            Error: Import is not implemented for: KiCadLib.PCB.PCBLine
            Error: Import is not implemented for: KiCadLib.PCB.PCBLine
        EndSection
        Section : Component C3 importing.
            Error: Import is not implemented for: KiCadLib.PCB.PCBLine
            Error: Import is not implemented for: KiCadLib.PCB.PCBLine
            Error: Import is not implemented for: KiCadLib.PCB.PCBLine
            Error: Import is not implemented for: KiCadLib.PCB.PCBLine
            Error: Import is not implemented for: KiCadLib.PCB.PCBLine
            Error: Import is not implemented for: KiCadLib.PCB.PCBLine
            Error: Import is not implemented for: KiCadLib.PCB.PCBLine
        EndSection
        Section : Component C9 importing.
            Error: Import is not implemented for: KiCadLib.PCB.PCBLine
            Error: Import is not implemented for: KiCadLib.PCB.PCBLine
            Error: Import is not implemented for: KiCadLib.PCB.PCBLine
            Error: Import is not implemented for: KiCadLib.PCB.PCBLine
            Error: Import is not implemented for: KiCadLib.PCB.PCBLine
            Error: Import is not implemented for: KiCadLib.PCB.PCBLine
            Error: Import is not implemented for: KiCadLib.PCB.PCBLine
        EndSection
        Section : Component R4 importing.
            Error: Import is not implemented for: KiCadLib.PCB.PCBLine
            Error: Import is not implemented for: KiCadLib.PCB.PCBLine
            Error: Import is not implemented for: KiCadLib.PCB.PCBLine
            Error: Import is not implemented for: KiCadLib.PCB.PCBLine
            Error: Import is not implemented for: KiCadLib.PCB.PCBLine
            Error: Import is not implemented for: KiCadLib.PCB.PCBLine
            Error: Import is not implemented for: KiCadLib.PCB.PCBLine
        EndSection
        Section : Component R1 importing.
            Error: Import is not implemented for: KiCadLib.PCB.PCBLine
            Error: Import is not implemented for: KiCadLib.PCB.PCBLine
            Error: Import is not implemented for: KiCadLib.PCB.PCBLine
            Error: Import is not implemented for: KiCadLib.PCB.PCBLine
            Error: Import is not implemented for: KiCadLib.PCB.PCBLine
            Error: Import is not implemented for: KiCadLib.PCB.PCBLine
            Error: Import is not implemented for: KiCadLib.PCB.PCBLine
        EndSection
        Section : Component SW3 importing.
            Error: Import is not implemented for: KiCadLib.PCB.PCBLine
            Error: Import is not implemented for: KiCadLib.PCB.PCBLine
            Error: Import is not implemented for: KiCadLib.PCB.PCBLine
            Error: Import is not implemented for: KiCadLib.PCB.PCBLine
            Error: Import is not implemented for: KiCadLib.PCB.PCBLine
            Error: Import is not implemented for: KiCadLib.PCB.PCBLine
            Error: Import is not implemented for: KiCadLib.PCB.PCBLine
        EndSection
        Section : Component C6 importing.
            Error: Import is not implemented for: KiCadLib.PCB.PCBLine
            Error: Import is not implemented for: KiCadLib.PCB.PCBLine
            Error: Import is not implemented for: KiCadLib.PCB.PCBLine
            Error: Import is not implemented for: KiCadLib.PCB.PCBLine
            Error: Import is not implemented for: KiCadLib.PCB.PCBLine
            Error: Import is not implemented for: KiCadLib.PCB.PCBLine
            Error: Import is not implemented for: KiCadLib.PCB.PCBLine
        EndSection
        Section : Component C2 importing.
            Error: Import is not implemented for: KiCadLib.PCB.PCBLine
            Error: Import is not implemented for: KiCadLib.PCB.PCBLine
            Error: Import is not implemented for: KiCadLib.PCB.PCBLine
            Error: Import is not implemented for: KiCadLib.PCB.PCBLine
            Error: Import is not implemented for: KiCadLib.PCB.PCBLine
            Error: Import is not implemented for: KiCadLib.PCB.PCBLine
            Error: Import is not implemented for: KiCadLib.PCB.PCBLine
        EndSection
        Section : Component H1 importing.
        EndSection
        Section : Component H2 importing.
        EndSection
        Section : Component C4 importing.
            Error: Import is not implemented for: KiCadLib.PCB.PCBLine
            Error: Import is not implemented for: KiCadLib.PCB.PCBLine
            Error: Import is not implemented for: KiCadLib.PCB.PCBLine
            Error: Import is not implemented for: KiCadLib.PCB.PCBLine
            Error: Import is not implemented for: KiCadLib.PCB.PCBLine
            Error: Import is not implemented for: KiCadLib.PCB.PCBLine
            Error: Import is not implemented for: KiCadLib.PCB.PCBLine
        EndSection
        Section : Component C12 importing.
            Error: Import is not implemented for: KiCadLib.PCB.PCBLine
            Error: Import is not implemented for: KiCadLib.PCB.PCBLine
            Error: Import is not implemented for: KiCadLib.PCB.PCBLine
            Error: Import is not implemented for: KiCadLib.PCB.PCBLine
            Error: Import is not implemented for: KiCadLib.PCB.PCBLine
            Error: Import is not implemented for: KiCadLib.PCB.PCBLine
            Error: Import is not implemented for: KiCadLib.PCB.PCBLine
        EndSection
        Section : Component R3 importing.
            Error: Import is not implemented for: KiCadLib.PCB.PCBLine
            Error: Import is not implemented for: KiCadLib.PCB.PCBLine
            Error: Import is not implemented for: KiCadLib.PCB.PCBLine
            Error: Import is not implemented for: KiCadLib.PCB.PCBLine
            Error: Import is not implemented for: KiCadLib.PCB.PCBLine
            Error: Import is not implemented for: KiCadLib.PCB.PCBLine
            Error: Import is not implemented for: KiCadLib.PCB.PCBLine
        EndSection
        Section : Component SW4 importing.
            Error: Import is not implemented for: KiCadLib.PCB.PCBLine
            Error: Import is not implemented for: KiCadLib.PCB.PCBLine
            Error: Import is not implemented for: KiCadLib.PCB.PCBLine
            Error: Import is not implemented for: KiCadLib.PCB.PCBLine
            Error: Import is not implemented for: KiCadLib.PCB.PCBLine
            Error: Import is not implemented for: KiCadLib.PCB.PCBLine
            Error: Import is not implemented for: KiCadLib.PCB.PCBLine
        EndSection
        Section : Component U3 importing.
            Error: Import is not implemented for: KiCadLib.PCB.PCBLine
            Error: Import is not implemented for: KiCadLib.PCB.PCBLine
            Error: Import is not implemented for: KiCadLib.PCB.PCBLine
            Error: Import is not implemented for: KiCadLib.PCB.PCBLine
            Error: Import is not implemented for: KiCadLib.PCB.PCBLine
            Error: Import is not implemented for: KiCadLib.PCB.PCBLine
            Error: Import is not implemented for: KiCadLib.PCB.PCBLine
            Error: Import is not implemented for: KiCadLib.PCB.PCBLine
        EndSection
        Section : Component C8 importing.
            Error: Import is not implemented for: KiCadLib.PCB.PCBLine
            Error: Import is not implemented for: KiCadLib.PCB.PCBLine
            Error: Import is not implemented for: KiCadLib.PCB.PCBLine
            Error: Import is not implemented for: KiCadLib.PCB.PCBLine
            Error: Import is not implemented for: KiCadLib.PCB.PCBLine
            Error: Import is not implemented for: KiCadLib.PCB.PCBLine
            Error: Import is not implemented for: KiCadLib.PCB.PCBLine
        EndSection
        Section : Component J1 importing.
            Error: Import is not implemented for: KiCadLib.PCB.PCBLine
            Error: Import is not implemented for: KiCadLib.PCB.PCBLine
            Error: Import is not implemented for: KiCadLib.PCB.PCBLine
            Error: Import is not implemented for: KiCadLib.PCB.PCBLine
            Error: Import is not implemented for: KiCadLib.PCB.PCBLine
            Error: Import is not implemented for: KiCadLib.PCB.PCBLine
            Error: Import is not implemented for: KiCadLib.PCB.PCBLine
            Error: Import is not implemented for: KiCadLib.PCB.PCBLine
            Error: Import is not implemented for: KiCadLib.PCB.PCBLine
            Error: Import is not implemented for: KiCadLib.PCB.PCBLine
            Error: Import is not implemented for: KiCadLib.PCB.PCBLine
            Error: Import is not implemented for: KiCadLib.PCB.PCBLine
            Error: Import is not implemented for: KiCadLib.PCB.PCBLine
            Error: Import is not implemented for: KiCadLib.PCB.PCBLine
            Error: Import is not implemented for: KiCadLib.PCB.PCBLine
        EndSection
        Section : Component U2 importing.
            Error: Import is not implemented for: KiCadLib.PCB.PCBLine
            Error: Import is not implemented for: KiCadLib.PCB.PCBLine
            Error: Import is not implemented for: KiCadLib.PCB.PCBLine
            Error: Import is not implemented for: KiCadLib.PCB.PCBLine
            Error: Import is not implemented for: KiCadLib.PCB.PCBLine
            Error: Import is not implemented for: KiCadLib.PCB.PCBLine
            Error: Import is not implemented for: KiCadLib.PCB.PCBLine
            Error: Import is not implemented for: KiCadLib.PCB.PCBLine
            Error: Import is not implemented for: KiCadLib.PCB.PCBLine
            Error: Import is not implemented for: KiCadLib.PCB.PCBLine
        EndSection
        Section : Component C5 importing.
            Error: Import is not implemented for: KiCadLib.PCB.PCBLine
            Error: Import is not implemented for: KiCadLib.PCB.PCBLine
            Error: Import is not implemented for: KiCadLib.PCB.PCBLine
            Error: Import is not implemented for: KiCadLib.PCB.PCBLine
            Error: Import is not implemented for: KiCadLib.PCB.PCBLine
            Error: Import is not implemented for: KiCadLib.PCB.PCBLine
            Error: Import is not implemented for: KiCadLib.PCB.PCBLine
        EndSection
        Section : Component SW1 importing.
            Error: Import is not implemented for: KiCadLib.PCB.PCBLine
            Error: Import is not implemented for: KiCadLib.PCB.PCBLine
            Error: Import is not implemented for: KiCadLib.PCB.PCBLine
            Error: Import is not implemented for: KiCadLib.PCB.PCBLine
            Error: Import is not implemented for: KiCadLib.PCB.PCBLine
            Error: Import is not implemented for: KiCadLib.PCB.PCBLine
            Error: Import is not implemented for: KiCadLib.PCB.PCBLine
        EndSection
        Section : Component H3 importing.
        EndSection
        Section : Component VR1 importing.
            Error: Import is not implemented for: KiCadLib.PCB.PCBLine
            Error: Import is not implemented for: KiCadLib.PCB.PCBLine
            Error: Import is not implemented for: KiCadLib.PCB.PCBLine
            Error: Import is not implemented for: KiCadLib.PCB.PCBLine
            Error: Import is not implemented for: KiCadLib.PCB.PCBLine
            Error: Import is not implemented for: KiCadLib.PCB.PCBLine
            Error: Import is not implemented for: KiCadLib.PCB.PCBLine
        EndSection
        Section : Component U5 importing.
            Error: Import is not implemented for: KiCadLib.PCB.PCBLine
            Error: Import is not implemented for: KiCadLib.PCB.PCBLine
            Error: Import is not implemented for: KiCadLib.PCB.PCBLine
            Error: Import is not implemented for: KiCadLib.PCB.PCBLine
            Error: Import is not implemented for: KiCadLib.PCB.PCBLine
            Error: Import is not implemented for: KiCadLib.PCB.PCBLine
            Error: Import is not implemented for: KiCadLib.PCB.PCBLine
            Error: Import is not implemented for: KiCadLib.PCB.PCBLine
            Error: Import is not implemented for: KiCadLib.PCB.PCBLine
            Error: Import is not implemented for: KiCadLib.PCB.PCBLine
        EndSection
        Section : Component C11 importing.
            Error: Import is not implemented for: KiCadLib.PCB.PCBLine
            Error: Import is not implemented for: KiCadLib.PCB.PCBLine
            Error: Import is not implemented for: KiCadLib.PCB.PCBLine
            Error: Import is not implemented for: KiCadLib.PCB.PCBLine
            Error: Import is not implemented for: KiCadLib.PCB.PCBLine
            Error: Import is not implemented for: KiCadLib.PCB.PCBLine
            Error: Import is not implemented for: KiCadLib.PCB.PCBLine
        EndSection
        Section : Component R2 importing.
            Error: Import is not implemented for: KiCadLib.PCB.PCBLine
            Error: Import is not implemented for: KiCadLib.PCB.PCBLine
            Error: Import is not implemented for: KiCadLib.PCB.PCBLine
            Error: Import is not implemented for: KiCadLib.PCB.PCBLine
            Error: Import is not implemented for: KiCadLib.PCB.PCBLine
            Error: Import is not implemented for: KiCadLib.PCB.PCBLine
            Error: Import is not implemented for: KiCadLib.PCB.PCBLine
        EndSection
    EndSection
