{
  "train": {
    "count": 11513.0,
    "min": 0.019759928807616234,
    "max": 0.9035143256187439,
    "mean": 0.4555829167366028,
    "std": 0.2127394825220108,
    "p10": 0.14280183613300323,
    "p50": 0.4654974043369293,
    "p90": 0.7572900056838989
  },
  "val": {
    "count": 2793.0,
    "min": 0.0788944885134697,
    "max": 0.8662531971931458,
    "mean": 0.5181710720062256,
    "std": 0.19913890957832336,
    "p10": 0.20909401774406433,
    "p50": 0.5101707577705383,
    "p90": 0.7919154763221741
  },
  "test": {
    "count": 14705.0,
    "min": 0.025498254224658012,
    "max": 0.9173992276191711,
    "mean": 0.4681912362575531,
    "std": 0.20873336493968964,
    "p10": 0.1521359384059906,
    "p50": 0.47323644161224365,
    "p90": 0.756100594997406
  }
}