{
  "train": {
    "count": 11502.0,
    "min": 0.03145569562911987,
    "max": 0.894047200679779,
    "mean": 0.4872407615184784,
    "std": 0.2060500532388687,
    "p10": 0.16822190582752228,
    "p50": 0.4890073537826538,
    "p90": 0.7678727507591248
  },
  "val": {
    "count": 2804.0,
    "min": 0.017120879143476486,
    "max": 0.8322054743766785,
    "mean": 0.35693928599357605,
    "std": 0.19272415339946747,
    "p10": 0.10493500530719757,
    "p50": 0.36520111560821533,
    "p90": 0.5726521015167236
  },
  "test": {
    "count": 14705.0,
    "min": 0.02281486988067627,
    "max": 0.9078248143196106,
    "mean": 0.4620874524116516,
    "std": 0.2071206271648407,
    "p10": 0.14847411215305328,
    "p50": 0.46709370613098145,
    "p90": 0.7477723956108093
  }
}