{
  "train": {
    "count": 11393.0,
    "min": 0.019558627158403397,
    "max": 0.8861532211303711,
    "mean": 0.4482855498790741,
    "std": 0.21068988740444183,
    "p10": 0.14024250209331512,
    "p50": 0.4592769742012024,
    "p90": 0.7486728429794312
  },
  "val": {
    "count": 2913.0,
    "min": 0.07924941927194595,
    "max": 0.8943099975585938,
    "mean": 0.5207288265228271,
    "std": 0.19407892227172852,
    "p10": 0.2208355963230133,
    "p50": 0.5122188329696655,
    "p90": 0.7820512652397156
  },
  "test": {
    "count": 14705.0,
    "min": 0.02523849532008171,
    "max": 0.908053457736969,
    "mean": 0.46342161297798157,
    "std": 0.2066069394350052,
    "p10": 0.1505860835313797,
    "p50": 0.46841543912887573,
    "p90": 0.7483980059623718
  }
}