{
  "train": {
    "count": 11538.0,
    "min": 0.019558627158403397,
    "max": 0.8943099975585938,
    "mean": 0.46607813239097595,
    "std": 0.21006962656974792,
    "p10": 0.15094764530658722,
    "p50": 0.4706146717071533,
    "p90": 0.7624368667602539
  },
  "val": {
    "count": 2768.0,
    "min": 0.03821558132767677,
    "max": 0.8643707036972046,
    "mean": 0.4503580331802368,
    "std": 0.20640094578266144,
    "p10": 0.1449020653963089,
    "p50": 0.46686995029449463,
    "p90": 0.7419571876525879
  },
  "test": {
    "count": 14705.0,
    "min": 0.02523849532008171,
    "max": 0.908053457736969,
    "mean": 0.46342161297798157,
    "std": 0.2066069394350052,
    "p10": 0.1505860835313797,
    "p50": 0.46841543912887573,
    "p90": 0.7483980059623718
  }
}