{
  "train": {
    "count": 11440.0,
    "min": 0.019558627158403397,
    "max": 0.8943099975585938,
    "mean": 0.46021413803100586,
    "std": 0.20777778327465057,
    "p10": 0.14843027293682098,
    "p50": 0.4677283465862274,
    "p90": 0.7535905241966248
  },
  "val": {
    "count": 2866.0,
    "min": 0.03385789319872856,
    "max": 0.8654794692993164,
    "mean": 0.47430261969566345,
    "std": 0.21566151082515717,
    "p10": 0.1561044454574585,
    "p50": 0.48196613788604736,
    "p90": 0.7763014435768127
  },
  "test": {
    "count": 14705.0,
    "min": 0.02523849532008171,
    "max": 0.908053457736969,
    "mean": 0.46342161297798157,
    "std": 0.2066069394350052,
    "p10": 0.1505860835313797,
    "p50": 0.46841543912887573,
    "p90": 0.7483980059623718
  }
}