{
  "train": {
    "count": 11485.0,
    "min": 0.019558627158403397,
    "max": 0.8861532211303711,
    "mean": 0.4637015461921692,
    "std": 0.21097064018249512,
    "p10": 0.14865761995315552,
    "p50": 0.47088515758514404,
    "p90": 0.7627424597740173
  },
  "val": {
    "count": 2821.0,
    "min": 0.04881325736641884,
    "max": 0.8943099975585938,
    "mean": 0.46032899618148804,
    "std": 0.20315508544445038,
    "p10": 0.15395908057689667,
    "p50": 0.46555274724960327,
    "p90": 0.7487587928771973
  },
  "test": {
    "count": 14705.0,
    "min": 0.02523849532008171,
    "max": 0.908053457736969,
    "mean": 0.46342161297798157,
    "std": 0.2066069394350052,
    "p10": 0.1505860835313797,
    "p50": 0.46841543912887573,
    "p90": 0.7483980059623718
  }
}