{
  "train": {
    "count": 11277.0,
    "min": 0.019558627158403397,
    "max": 0.8943099975585938,
    "mean": 0.457927405834198,
    "std": 0.20944063365459442,
    "p10": 0.14530034363269806,
    "p50": 0.46623605489730835,
    "p90": 0.7523444294929504
  },
  "val": {
    "count": 3029.0,
    "min": 0.04881325736641884,
    "max": 0.8861532211303711,
    "mean": 0.4820578098297119,
    "std": 0.2084190994501114,
    "p10": 0.16551019251346588,
    "p50": 0.4828312397003174,
    "p90": 0.7841871976852417
  },
  "test": {
    "count": 14705.0,
    "min": 0.02523849532008171,
    "max": 0.908053457736969,
    "mean": 0.46342161297798157,
    "std": 0.2066069394350052,
    "p10": 0.1505860835313797,
    "p50": 0.46841543912887573,
    "p90": 0.7483980059623718
  }
}