{
  "train": {
    "count": 11482.0,
    "min": 0.019558627158403397,
    "max": 0.8943099975585938,
    "mean": 0.447600781917572,
    "std": 0.20778889954090118,
    "p10": 0.144199937582016,
    "p50": 0.4572434425354004,
    "p90": 0.7442112565040588
  },
  "val": {
    "count": 2824.0,
    "min": 0.04881325736641884,
    "max": 0.8654794692993164,
    "mean": 0.5257962346076965,
    "std": 0.2044365406036377,
    "p10": 0.20040297508239746,
    "p50": 0.5220752954483032,
    "p90": 0.7947654128074646
  },
  "test": {
    "count": 14705.0,
    "min": 0.02523849532008171,
    "max": 0.908053457736969,
    "mean": 0.46342161297798157,
    "std": 0.2066069394350052,
    "p10": 0.1505860835313797,
    "p50": 0.46841543912887573,
    "p90": 0.7483980059623718
  }
}