{
  "train": {
    "count": 11491.0,
    "min": 0.019558627158403397,
    "max": 0.8943099975585938,
    "mean": 0.47873738408088684,
    "std": 0.2067640721797943,
    "p10": 0.1619211733341217,
    "p50": 0.4831123352050781,
    "p90": 0.7633138298988342
  },
  "val": {
    "count": 2815.0,
    "min": 0.03385789319872856,
    "max": 0.8573103547096252,
    "mean": 0.3989446759223938,
    "std": 0.20816649496555328,
    "p10": 0.12013307213783264,
    "p50": 0.4107987880706787,
    "p90": 0.7265262007713318
  },
  "test": {
    "count": 14705.0,
    "min": 0.02523849532008171,
    "max": 0.908053457736969,
    "mean": 0.46342161297798157,
    "std": 0.2066069394350052,
    "p10": 0.1505860835313797,
    "p50": 0.46841543912887573,
    "p90": 0.7483980059623718
  }
}